"store","sku","qty","is_in_stock"
"admin","0321-0123","1","1"
"admin","DP-419","2","1"
"admin","108-2950","3","1"
"admin","RL 1000","1","1"
"admin","539106707","1","1"
"admin","37102","3","1"
"admin","501842964","1","1"
"admin","610000159","21","1"
"admin","501846945","2","1"
"admin","06430300","2","1"
"admin","AGR.45-0235","1","1"
"admin","653000037","1","1"
"admin","505698111","1","1"
"admin","653000019","2","1"
"admin","653000025","1","1"
"admin","653000021","5","1"
"admin","505698109","1","1"
"admin","653000038","3","1"
"admin","532178899","2","1"
"admin","532109229","2","1"
"admin","872120618","3","1"
"admin","532109228","1","1"
"admin","640200216","2","1"
"admin","505697815","1","1"
"admin","605000797","1","1"
"admin","190-842-000","2","1"
"admin","AGR.45-0358","2","1"
"admin","PP295R","2","1"
"admin","4221 007 1002","1","1"
"admin","1125 120 1620","1","1"
"admin","9417 003 7520","5","1"
"admin","1123 640 2004","2","1"
"admin","9210 319 0900","10","1"
"admin","9220 260 1100","3","1"
"admin","9022 371 1020","1","1"
"admin","9022 341 1050","10","1"
"admin","1125 791 7306","2","1"
"admin","9074 478 4675","10","1"
"admin","9036 341 1050","10","1"
"admin","9048 216 1010","6","1"
"admin","9074 478 4435","9","1"
"admin","9214 320 0900","10","1"
"admin","0000 358 1800","2","1"
"admin","9075 478 4115","8","1"
"admin","0000 350 0530","2","1"
"admin","9216 261 0700","4","1"
"admin","1127 007 1004","1","1"
"admin","1128 195 3500","1","1"
"admin","9022 341 1300","10","1"
"admin","4223 190 0600","1","1"
"admin","10219","1","1"
"admin","4138 716 1200","4","1"
"admin","0000 955 0802","10","1"
"admin","4140 430 0200","1","1"
"admin","9022 313 0680","4","1"
"admin","9022 341 1010","2","1"
"admin","602016","3","1"
"admin","602926","1","1"
"admin","1-603299","4","1"
"admin","53-1340","2","1"
"admin","603441","2","1"
"admin","604116","1","1"
"admin","604256","2","1"
"admin","322-12","7","1"
"admin","604249","1","1"
"admin","604259","2","1"
"admin","604265","2","1"
"admin","604274","2","1"
"admin","605425","1","1"
"admin","607547","3","1"
"admin","608997","1","1"
"admin","9202574","10","1"
"admin","107-3986","1","1"
"admin","57-4700-03","4","1"
"admin","55-4940-03","1","1"
"admin","79202800","1","1"
"admin","11-1279","1","1"
"admin","39-9680","1","1"
"admin","27-7210","1","1"
"admin","27-6520","1","1"
"admin","28-9170","1","1"
"admin","33-3210","1","1"
"admin","33-5570","3","1"
"admin","33-3230","1","1"
"admin","33-8940","1","1"
"admin","33-6460","1","1"
"admin","34-9770","1","1"
"admin","38-2220","1","1"
"admin","38-8630","1","1"
"admin","006040","2","1"
"admin","70-7900","2","1"
"admin","71-9350","1","1"
"admin","93-3323","2","1"
"admin","93-3989","1","1"
"admin","12-2080","1","1"
"admin","153444","1","1"
"admin","17-9420","2","1"
"admin","17-9424","3","1"
"admin","93-3988","2","1"
"admin","44-7250","1","1"
"admin","108-7190","1","1"
"admin","52-7080","1","1"
"admin","54-7800","1","1"
"admin","105-6963","1","1"
"admin","62-5770","1","1"
"admin","94-1599","1","1"
"admin","107-0753","1","1"
"admin","3220-7","9","1"
"admin","47-4990","2","1"
"admin","17634-ZS9-000","2","1"
"admin","87101-V10-000","1","1"
"admin","87539-V10-000","2","1"
"admin","44710-VH7-B00ZA","1","1"
"admin","06515-ZS9-000","2","1"
"admin","52-7130","2","1"
"admin","699660","1","1"
"admin","98-8332","14","1"
"admin","104-4145","1","1"
"admin","53-7120","1","1"
"admin","751503","1","1"
"admin","861211","1","1"
"admin","100222","6","1"
"admin","532189029","1","1"
"admin","108-8155","2","1"
"admin","106-8392","1","1"
"admin","490-6421","6","1"
"admin","43-8480","1","1"
"admin","99-6018","1","1"
"admin","104-8589","1","1"
"admin","01464600","1","1"
"admin","107-3764","1","1"
"admin","107-1908","1","1"
"admin","20 096 04-S","1","1"
"admin","53214300","1","1"
"admin","501842978","1","1"
"admin","532004497","2","1"
"admin","819131612","1","1"
"admin","87152-ZS9-T31","1","1"
"admin","532003645","2","1"
"admin","01469000","1","1"
"admin","07152400","2","1"
"admin","Z-GS-0795","1","1"
"admin","532176138","1","1"
"admin","46X-2163G-10-00","1","1"
"admin","0000 882 0710","1","1"
"admin","0797 140 9001","6","1"
"admin","4137 200 0067","1","1"
"admin","532110741","1","1"
"admin","532188374","1","1"
"admin","1768818","4","1"
"admin","848-L58-55Z0","1","1"
"admin","7VV-87213-00-00","1","1"
"admin","07153300","2","1"
"admin","32660A","1","1"
"admin","93-3899","1","1"
"admin","9741","5","1"
"admin","5109","1","1"
"admin","5119","1","1"
"admin","104-7690","1","1"
"admin","130071","4","1"
"admin","694593","1","1"
"admin","770172","9","1"
"admin","XD05F","1","1"
"admin","11013-2141","2","1"
"admin","11029-2017","1","1"
"admin","054019","3","1"
"admin","054055","3","1"
"admin","780245","58","1"
"admin","785664","3","1"
"admin","KN-401","2","1"
"admin","4810-82170","3","1"
"admin","770303","5","1"
"admin","180360","1","1"
"admin","4223 350 0500","1","1"
"admin","9036 341 1020","9","1"
"admin","9220 260 1300","5","1"
"admin","KN-138","1","1"
"admin","501834409","3","1"
"admin","531300773","5","1"
"admin","532083923","3","1"
"admin","532199145","4","1"
"admin","537278401","5","1"
"admin","605000262","1","1"
"admin","503307425","1","1"
"admin","605000303","1","1"
"admin","503786601","2","1"
"admin","5002","3","1"
"admin","5009","1","1"
"admin","5010D","3","1"
"admin","5047","7","1"
"admin","5088","2","1"
"admin","5045","3","1"
"admin","5046","1","1"
"admin","5069","3","1"
"admin","5096D","1","1"
"admin","194154GS","1","1"
"admin","20001VF00030","1","1"
"admin","265478","1","1"
"admin","05948700","2","1"
"admin","104-4111","8","1"
"admin","106-3156-03","1","1"
"admin","19-4050P","1","1"
"admin","98-7134P","2","1"
"admin","62-7700-03P","2","1"
"admin","20-2720-03P","2","1"
"admin","91-2256-03P","4","1"
"admin","107-3912-03","1","1"
"admin","107-1735","1","1"
"admin","602315","2","1"
"admin","301996","4","1"
"admin","180980","1","1"
"admin","303712","2","1"
"admin","104388","1","1"
"admin","47-2890","1","1"
"admin","180000","2","1"
"admin","73-0210","1","1"
"admin","95-7403-03","1","1"
"admin","107674","8","1"
"admin","3255-8","16","1"
"admin","38902","381","1"
"admin","5979","1","1"
"admin","5-3543","2","1"
"admin","613221","5","1"
"admin","81-0100","2","1"
"admin","5930-1","3","1"
"admin","93-0241-03P","3","1"
"admin","T4012-82800","3","1"
"admin","1011-0554","2","1"
"admin","786108","1","1"
"admin","848-L58-55D4","1","1"
"admin","848-8R2-0343","1","1"
"admin","4810-82180","1","1"
"admin","4810-82200","2","1"
"admin","4810-82100","2","1"
"admin","4810-32111","1","1"
"admin","817670508","3","1"
"admin","506907901","1","1"
"admin","531300027","1","1"
"admin","770-180-Case","1","1"
"admin","81-4120","3","1"
"admin","98069-58719","4","1"
"admin","108-9758","1","1"
"admin","FUSE","14","1"
"admin","USED BOAT","1","1"
"admin","25-7890","2","1"
"admin","029847","2","1"
"admin","187256","3","1"
"admin","52-1380","1","1"
"admin","98-2259","1","1"
"admin","609830","8","1"
"admin","71506300","3","1"
"admin","05929900","1","1"
"admin","104-2065","3","1"
"admin","07200102","3","1"
"admin","5111","3","1"
"admin","07500004","1","1"
"admin","191922GS","1","1"
"admin","1123 664 1605","1","1"
"admin","780015","3","1"
"admin","B4847GS","1","1"
"admin","68-3041","2","1"
"admin","04043-06","1","1"
"admin","696459","1","1"
"admin","397795S","2","1"
"admin","7014871","1","1"
"admin","16221-ZN1-000","1","1"
"admin","BT25-50400","1","1"
"admin","V471001220","1","1"
"admin","12901152131","1","1"
"admin","A411000150","1","1"
"admin","107-7491","6","1"
"admin","503856301","2","1"
"admin","90050000005","3","1"
"admin","999442-00455","2","1"
"admin","532190097","1","1"
"admin","59297","1","1"
"admin","92-1057","12","1"
"admin","302-56","1","1"
"admin","532155986","2","1"
"admin","72V81G ","2","1"
"admin","13100455530","2","1"
"admin","968053501","1","1"
"admin","501840656","3","1"
"admin","501847056","1","1"
"admin","503551601","1","1"
"admin","505675325","1","1"
"admin","532185588","6","1"
"admin","532174873","1","1"
"admin","9417 003 7512","5","1"
"admin","93700-04020-0G","1","1"
"admin","531030390","2","1"
"admin","532127018","1","1"
"admin","535003901","2","1"
"admin","910-0776A","2","1"
"admin","92-8631","17","1"
"admin","33371051","6","1"
"admin","100084","1","1"
"admin","965061801","1","1"
"admin","505642210","2","1"
"admin","692523","1","1"
"admin","90109-VB5-800","1","1"
"admin","32901-VB5-A00","10","1"
"admin","93901-35210","1","1"
"admin","110769","2","1"
"admin","95701-08030-00","1","1"
"admin","C0027","3","1"
"admin","99996-6088","2","1"
"admin","4140 160 2005","1","1"
"admin","4140 160 2903","1","1"
"admin","4140 440 1900","1","1"
"admin","4140 400 1200","1","1"
"admin","4140 080 1600","1","1"
"admin","4140 182 0800","1","1"
"admin","06710-YZA-000AH","1","1"
"admin","17950-747-000","1","1"
"admin","90112-V10-000","19","1"
"admin","999442-00150","1","1"
"admin","999442-00630","4","1"
"admin","746040","1","1"
"admin","51513200","1","1"
"admin","12D1330133E8","1","1"
"admin","61021756730","1","1"
"admin","61020656730","1","1"
"admin","45-0267","1","1"
"admin","M-851080-S","1","1"
"admin","265825","2","1"
"admin","265217","3","1"
"admin","265069","5","1"
"admin","265070","5","1"
"admin","265071","1","1"
"admin","392308S","1","1"
"admin","91-2256-03","2","1"
"admin","119-9107","2","1"
"admin","AMSOIL ATF","5","1"
"admin","21001503460","1","1"
"admin","4232 350 0411","1","1"
"admin","4140 182 7601","1","1"
"admin","4140 121 1605","1","1"
"admin","55-8820","1","1"
"admin","4119 007 1013","2","1"
"admin","41404001307","1","1"
"admin","05435100","1","1"
"admin","112-8864","1","1"
"admin","107-7494","2","1"
"admin","108-8110-03","1","1"
"admin","107-7489-03","1","1"
"admin","108-3766-03","1","1"
"admin","107-3816","1","1"
"admin","108-9344","1","1"
"admin","40004","1","1"
"admin","USED WALK MOWER","3","1"
"admin","520516","1","1"
"admin","130839","12","1"
"admin","130530","9","1"
"admin","130542","27","1"
"admin","496018T","217","1"
"admin","107-7492","1","1"
"admin","107-7478","11","1"
"admin","66-6040","6","1"
"admin","108-4840","5","1"
"admin","613361","6","1"
"admin","614245","8","1"
"admin","71-5150-03","1","1"
"admin","55-9630","2","1"
"admin","86-7960","2","1"
"admin","26-0670","1","1"
"admin","25-8000","1","1"
"admin","95-7613","1","1"
"admin","5188","19","1"
"admin","120-114","11","1"
"admin","3296-33","1","1"
"admin","66-0560","10","1"
"admin","27-6231","2","1"
"admin","26-9730","4","1"
"admin","27-6230","4","1"
"admin","EU3000is-Remote","5","1"
"admin","609476","11","1"
"admin","5057D","20","1"
"admin","5021H","2","1"
"admin","LB05EP","1","1"
"admin","602018","1","1"
"admin","55-7931","1","1"
"admin","3256-1","14","1"
"admin","1-323245","3","1"
"admin","108-9779","1","1"
"admin","32151-68","6","1"
"admin","11-1309","1","1"
"admin","98-2266","2","1"
"admin","609638","1","1"
"admin","114439","15","1"
"admin","112-8868","2","1"
"admin","105-3033","6","1"
"admin","0360-0006","5","1"
"admin","120626","1","1"
"admin","08000007","1","1"
"admin","05961800","1","1"
"admin","05959400","5","1"
"admin","180136","2","1"
"admin","90754-VA9-P40","1","1"
"admin","90301-693-000","2","1"
"admin","90751-VK6-000","1","1"
"admin","28461-ZL8-003","1","1"
"admin","17620-ZG9-000","1","1"
"admin","24 041 52-S","1","1"
"admin","050246","1","1"
"admin","90653-772-000","1","1"
"admin","90306-KM1-831","3","1"
"admin","16910-ZV4-015","11","1"
"admin","861530","1","1"
"admin","695757","1","1"
"admin","16A0AD3366","5","1"
"admin","73-5190","1","1"
"admin","93-3893","1","1"
"admin","692906","3","1"
"admin","694920","3","1"
"admin","692434","5","1"
"admin","954-0430B","1","1"
"admin","01242000","1","1"
"admin","REMOTE","1","1"
"admin","51521800","2","1"
"admin","640044","1","1"
"admin","9214 320 0700","8","1"
"admin","34690A","3","1"
"admin","36032A","2","1"
"admin","640080","2","1"
"admin","697111","1","1"
"admin","410263","2","1"
"admin","37117","4","1"
"admin","650506","1","1"
"admin","780086A","1","1"
"admin","611004","4","1"
"admin","B5053GS","2","1"
"admin","690940","1","1"
"admin","496894S","2","1"
"admin","4229 790 0606","2","1"
"admin","5203 757 0908","1","1"
"admin","4130 791 4400","1","1"
"admin","112-3959","2","1"
"admin","06602200","1","1"
"admin","250-7","3","1"
"admin","99-3243","1","1"
"admin","607580","1","1"
"admin","68325-Z23-E30","1","1"
"admin","104-3622","1","1"
"admin","497481","4","1"
"admin","90502-VG3-000","4","1"
"admin","4229 708 6300","11","1"
"admin","104-2767","1","1"
"admin","104-4125","1","1"
"admin","20837111","1","1"
"admin","614643-05","1","1"
"admin","72600800","1","1"
"admin","95701-08035-00","10","1"
"admin","110-9434","1","1"
"admin","842618","1","1"
"admin","691758","1","1"
"admin","691836","1","1"
"admin","225763","2","1"
"admin","311G0600","4","1"
"admin","4282 890 2700","1","1"
"admin","170134","3","1"
"admin","03966800","1","1"
"admin","106-6025","1","1"
"admin","16011-ZA8-003","1","1"
"admin","106-4588-01","2","1"
"admin","238032","1","1"
"admin","04318600","10","1"
"admin","7222","6","1"
"admin","SF-200-SBH","1","1"
"admin","06944800","8","1"
"admin","07153200","1","1"
"admin","108-8969","1","1"
"admin","08300023","1","1"
"admin","780221","130","1"
"admin","3-3287","2","1"
"admin","06900401","1","1"
"admin","631049","1","1"
"admin","06308800","1","1"
"admin","4126 007 1002","1","1"
"admin","195635GS","1","1"
"admin","793569","1","1"
"admin","17620-Z28-S30","2","1"
"admin","14022","1","1"
"admin","05958500","2","1"
"admin","05800900","1","1"
"admin","5086D","1","1"
"admin","130087","4","1"
"admin","4140 791 2300","1","1"
"admin","14 094 12-S","3","1"
"admin","43600139232","1","1"
"admin","21041752730","2","1"
"admin","05962300","1","1"
"admin","00487501","2","1"
"admin","105-1808-03","2","1"
"admin","109-6500","1","1"
"admin","103-6300","1","1"
"admin","79158","2","1"
"admin","54530-VG3-020","1","1"
"admin","684698","1","1"
"admin","614697","6","1"
"admin","5276455","10","1"
"admin","94-8072","1","1"
"admin","99-5296","1","1"
"admin","08334000","2","1"
"admin","21163-7031","1","1"
"admin","521346901","3","1"
"admin","16099003","1","1"
"admin","1177242","1","1"
"admin","121576105","1","1"
"admin","72V070X","1","1"
"admin","05418200","5","1"
"admin","783-1259A-0637","1","1"
"admin","794550","1","1"
"admin","692046","1","1"
"admin","07151200","2","1"
"admin","07200635","3","1"
"admin","7010 313 8006","1","1"
"admin","112-0317","2","1"
"admin","691387","1","1"
"admin","294735","1","1"
"admin","793685","1","1"
"admin","DJ8J","1","1"
"admin","796238","1","1"
"admin","4203 122 6701","2","1"
"admin","65-4740","9","1"
"admin","65-4760","1","1"
"admin","5519","1","1"
"admin","07028500","5","1"
"admin","99-2916","2","1"
"admin","1121 640 3203","3","1"
"admin","130934","4","1"
"admin","130139","11","1"
"admin","GASCAN 1 GAL","1","1"
"admin","119-1946","1","1"
"admin","20001139","1","1"
"admin","1668344SM","2","1"
"admin","00651800","2","1"
"admin","1127 007 1003","1","1"
"admin","1128 647 2400","1","1"
"admin","694395","1","1"
"admin","06100214","3","1"
"admin","780205","166","1"
"admin","490-7463","67","1"
"admin","108-8963","1","1"
"admin","71508900","1","1"
"admin","11013-7050","1","1"
"admin","RCB12AL-A","1","1"
"admin","17220-Z0H-V00ZA","1","1"
"admin","17231-Z0H-V00ZA","1","1"
"admin","17211-Z0H-V00","1","1"
"admin","0000 350 3506","2","1"
"admin","100052","1","1"
"admin","100818","1","1"
"admin","100347","2","1"
"admin","23-3170","1","1"
"admin","63 PMC3 61","3","1"
"admin","3880-11720","1","1"
"admin","3880-11730","1","1"
"admin","14400-ZL8-003","1","1"
"admin","06919000","1","1"
"admin","06900313","1","1"
"admin","53203100","1","1"
"admin","00396659","4","1"
"admin","03272100","1","1"
"admin","05618800","3","1"
"admin","05618900","2","1"
"admin","05508000","2","1"
"admin","03985500","1","1"
"admin","03210300","1","1"
"admin","05500114","3","1"
"admin","03265100","1","1"
"admin","05533500","1","1"
"admin","06537300","8","1"
"admin","07414200","7","1"
"admin","07056800","1","1"
"admin","21546554","1","1"
"admin","07028700","3","1"
"admin","21546784","4","1"
"admin","05946900","2","1"
"admin","06005500","1","1"
"admin","06545500","2","1"
"admin","07411900","5","1"
"admin","05959700","2","1"
"admin","05961400","1","1"
"admin","00341900","1","1"
"admin","03114600","2","1"
"admin","00391900","1","1"
"admin","05804500","1","1"
"admin","06416700","2","1"
"admin","02211000","1","1"
"admin","04209700","1","1"
"admin","06606000","1","1"
"admin","09267700","1","1"
"admin","07000026","2","1"
"admin","53204700","1","1"
"admin","20144100","2","1"
"admin","07534800","5","1"
"admin","131-3967-03","1","1"
"admin","03181900","1","1"
"admin","06900021","2","1"
"admin","120380","2","1"
"admin","105-3047","1","1"
"admin","31600-ZV5-003","1","1"
"admin","130340","7","1"
"admin","90133-VE0-000","1","1"
"admin","53125-VL0-B00ZA","2","1"
"admin","07103900","1","1"
"admin","61-4820","1","1"
"admin","521327901","1","1"
"admin","08P57-ZS9-00G","4","1"
"admin","20-9150-01","1","1"
"admin","0000 886 1400","1","1"
"admin","4203 007 1025","2","1"
"admin","4001 713 3801","1","1"
"admin","41822000070","1","1"
"admin","890009","2","1"
"admin","13211550430","1","1"
"admin","4126 642 7600","2","1"
"admin","04192900","1","1"
"admin","110-1860-03","1","1"
"admin","18215-ZA0-820","1","1"
"admin","18216-ZA0-800","1","1"
"admin","08E93-HPK123HI","1","1"
"admin","54510-VH7-L00","1","1"
"admin","1723391","1","1"
"admin","580357201","3","1"
"admin","61568500","1","1"
"admin","4229 358 7702","1","1"
"admin","108-7476","9","1"
"admin","105-8954","24","1"
"admin","394358S","26","1"
"admin","16620-Z8D-305","1","1"
"admin","16600-Z8D-840","2","1"
"admin","890027","1","1"
"admin","105-8952","1","1"
"admin","106-9798","1","1"
"admin","92-1038","1","1"
"admin","82-9151","1","1"
"admin","105-6841","1","1"
"admin","32104-71","1","1"
"admin","861223","1","1"
"admin","861219","1","1"
"admin","1960545SM","1","1"
"admin","692255","2","1"
"admin","06600002","2","1"
"admin","05700001","1","1"
"admin","USED SNOW BLOWER","10","1"
"admin","590580","2","1"
"admin","A1484GS","1","1"
"admin","06701900","3","1"
"admin","321-43","7","1"
"admin","04310551","1","1"
"admin","04310451","1","1"
"admin","04304400","1","1"
"admin","04320500","1","1"
"admin","04320600","1","1"
"admin","08300527","2","1"
"admin","04318151","1","1"
"admin","04318251","1","1"
"admin","95-1661","1","1"
"admin","53367-VL0-B00","3","1"
"admin","53158-VL0-B00","2","1"
"admin","12 050 01-S1","5","1"
"admin","731-04651","1","1"
"admin","110-6500","1","1"
"admin","692520","9","1"
"admin","105-9100","1","1"
"admin","491435S","18","1"
"admin","281370S","2","1"
"admin","273356S","4","1"
"admin","273638S","12","1"
"admin","499486S","13","1"
"admin","795115","18","1"
"admin","692519","11","1"
"admin","805113","1","1"
"admin","272490S","8","1"
"admin","1123 791 7310","3","1"
"admin","394018S","2","1"
"admin","491588S","71","1"
"admin","79025","4","1"
"admin","119-8864","2","1"
"admin","106-7029","1","1"
"admin","105-6972-03","1","1"
"admin","112-3993","1","1"
"admin","112-3994","2","1"
"admin","117-5370","2","1"
"admin","112-3995","4","1"
"admin","110-6568-03","5","1"
"admin","51514200","3","1"
"admin","72000700","1","1"
"admin","72100800","5","1"
"admin","07229500","2","1"
"admin","12 083 05-S","5","1"
"admin","691483","1","1"
"admin","32660-894-BCX12H","23","1"
"admin","134149","2","1"
"admin","35110-772-013","1","1"
"admin","16212-ZL8-000","1","1"
"admin","0000 955 0801","13","1"
"admin","1125 650 7700","1","1"
"admin","1110 121 5100","1","1"
"admin","17151-ZJ1-841","2","1"
"admin","19A30003000","3","1"
"admin","696540","1","1"
"admin","65-2720","7","1"
"admin","36RMC84","2","1"
"admin","1740912BMYP","4","1"
"admin","90102-VL0-P00","2","1"
"admin","531030567","7","1"
"admin","351304-54230","2","1"
"admin","54510-VG4-B01","1","1"
"admin","12310052130","2","1"
"admin","734-04018C","2","1"
"admin","734-04018A","3","1"
"admin","104-8699","1","1"
"admin","06536000","1","1"
"admin","6450001-6 PACK","25","1"
"admin","6450001","19","1"
"admin","6450005","1","1"
"admin","07149900","1","1"
"admin","08300200","1","1"
"admin","SB1098","1","1"
"admin","06200-VE2-802","1","1"
"admin","915201","1","1"
"admin","05960800","1","1"
"admin","06542000","2","1"
"admin","05365100","1","1"
"admin","07100917","1","1"
"admin","0000 350 0520","5","1"
"admin","112-8818","1","1"
"admin","590739","2","1"
"admin","4119 710 9011","1","1"
"admin","V224000031","4","1"
"admin","7450001","64","1"
"admin","A021000890","1","1"
"admin","15660130131","1","1"
"admin","215-60057","1","1"
"admin","100-1186","1","1"
"admin","22432-736-A01","1","1"
"admin","26756","2","1"
"admin","1125 195 7200","2","1"
"admin","105-1815","4","1"
"admin","25 050 21-S1","4","1"
"admin","0000 350 3504","2","1"
"admin","115-2894","3","1"
"admin","107-3708","7","1"
"admin","3290-320","8","1"
"admin","430110","1","1"
"admin","435-099","2","1"
"admin","91VXL052G","2","1"
"admin","C450000183","2","1"
"admin","75-8780","10","1"
"admin","84-1980","10","1"
"admin","20601","13","1"
"admin","NN10143","1","1"
"admin","51527000","1","1"
"admin","119-1999","1","1"
"admin","36-5350","1","1"
"admin","44-2750","13","1"
"admin","98-1354","1","1"
"admin","710205","1","1"
"admin","710147","1","1"
"admin","697109","1","1"
"admin","1668639CSM","1","1"
"admin","5044D","3","1"
"admin","117-5355-03","1","1"
"admin","51617","3","1"
"admin","01545600","3","1"
"admin","06900301","1","1"
"admin","99-1509","3","1"
"admin","271716","6","1"
"admin","54510-VE2-305","1","1"
"admin","54630-VH7-A02","2","1"
"admin","75180-VL0-B01","1","1"
"admin","682685","1","1"
"admin","76-4330","1","1"
"admin","108-8157","2","1"
"admin","C506000070","1","1"
"admin","79017","3","1"
"admin","4140 124 2800","11","1"
"admin","4226 121 2700","2","1"
"admin","0000 350 3500","1","1"
"admin","0000 350 3502","5","1"
"admin","106-8397","1","1"
"admin","20001025","1","1"
"admin","71513100","2","1"
"admin","615-804","1","1"
"admin","5605 773 4803 3 PACK","27","1"
"admin","5605 773 4003 3 PACK","84","1"
"admin","06530-VL0-315ZA","3","1"
"admin","6450002-6PACK","5","1"
"admin","108-4939","2","1"
"admin","OIL","202","1"
"admin","11013-7002","11","1"
"admin","119-1551","3","1"
"admin","693981","3","1"
"admin","1179121","4","1"
"admin","110-9360","3","1"
"admin","110-9368","2","1"
"admin","3296-47","9","1"
"admin","66-7460","20","1"
"admin","71-5960","4","1"
"admin","32112-14","23","1"
"admin","39-9650","4","1"
"admin","42710-VG3-B00","1","1"
"admin","98-1362","14","1"
"admin","3256-24","12","1"
"admin","61-4680","1","1"
"admin","3218-6","2","1"
"admin","86-9671","5","1"
"admin","32149-2","4","1"
"admin","105-3040","14","1"
"admin","105-3042","7","1"
"admin","321-3","21","1"
"admin","1125 640 1900","5","1"
"admin","92-1042","1","1"
"admin","07200101","3","1"
"admin","07200430","2","1"
"admin","07236400","1","1"
"admin","322-21","5","1"
"admin","108-4942","3","1"
"admin","21545100","4","1"
"admin","41-5410","2","1"
"admin","114-3790","6","1"
"admin","130094","11","1"
"admin","498144","1","1"
"admin","891126","1","1"
"admin","4626","10","1"
"admin","3290-337","11","1"
"admin","95-1899","6","1"
"admin","56-6360","16","1"
"admin","09287000","1","1"
"admin","42710-VG3-000","2","1"
"admin","108-9378","1","1"
"admin","108-4941","3","1"
"admin","94-5795","3","1"
"admin","105-6840","12","1"
"admin","95-4453","14","1"
"admin","105-1809","7","1"
"admin","55-9322","1","1"
"admin","46-8091","18","1"
"admin","107-3844","6","1"
"admin","631978","1","1"
"admin","31688A","5","1"
"admin","35500","1","1"
"admin","36183","1","1"
"admin","510207A","1","1"
"admin","16228-ZL8-000","4","1"
"admin","90501-898-000","6","1"
"admin","90303-V10-000","12","1"
"admin","650893","1","1"
"admin","37609","1","1"
"admin","3256-14","2","1"
"admin","36-4780","6","1"
"admin","16100-ZL8-H02","1","1"
"admin","90114-SA0-000","21","1"
"admin","94201-30450","22","1"
"admin","90501-KV6-670","13","1"
"admin","90102-732-010","13","1"
"admin","99-6002","1","1"
"admin","435435","3","1"
"admin","170130","2","1"
"admin","430106","1","1"
"admin","32115-5","1","1"
"admin","175-505","2","1"
"admin","72000900","1","1"
"admin","77225","1","1"
"admin","135053","2","1"
"admin","105-1827","3","1"
"admin","120634","6","1"
"admin","120485","6","1"
"admin","130942","2","1"
"admin","130793","7","1"
"admin","130615","5","1"
"admin","591868","2","1"
"admin","49-1630","1","1"
"admin","604644","5","1"
"admin","70-9760","1","1"
"admin","107-0757","1","1"
"admin","108-7194","1","1"
"admin","62-3830","2","1"
"admin","105-3005","1","1"
"admin","98-1392","1","1"
"admin","430017","2","1"
"admin","107-3891","2","1"
"admin","108-9358","1","1"
"admin","611114","1","1"
"admin","3211-17","2","1"
"admin","42-5920","1","1"
"admin","28-9080","1","1"
"admin","37-6391","2","1"
"admin","105-6978","3","1"
"admin","06714900","1","1"
"admin","277233-S","1","1"
"admin","05707300","1","1"
"admin","00432101","3","1"
"admin","05606100","1","1"
"admin","06830000","4","1"
"admin","05404400","1","1"
"admin","05500027","1","1"
"admin","06714500","7","1"
"admin","03888100","4","1"
"admin","32 083 03-S","3","1"
"admin","14 094 06-S","1","1"
"admin","25 050 22-S1","5","1"
"admin","24 041 01-S","2","1"
"admin","110-9366","4","1"
"admin","32 083 05-S","1","1"
"admin","32 083 08-S","1","1"
"admin","P022001090","2","1"
"admin","06530200","4","1"
"admin","05417500","2","1"
"admin","05406300","1","1"
"admin","801293","1","1"
"admin","54510-VG4-C01","2","1"
"admin","100-5982","2","1"
"admin","24 086 44-S","5","1"
"admin","31570-VL0-W01","3","1"
"admin","RJB10325RV","1","1"
"admin","505698107","1","1"
"admin","1123 664 2205","1","1"
"admin","300230","2","1"
"admin","780225","21","1"
"admin","10655","2","1"
"admin","285114","1","1"
"admin","AA0201-0001 Tiller","1","1"
"admin","917045","1","1"
"admin","105-1867","1","1"
"admin","505665321","3","1"
"admin","BCZ3000SW","1","1"
"admin","5042D","12","1"
"admin","53-7620","1","1"
"admin","4229 080 2105","1","1"
"admin","4229 080 1802","1","1"
"admin","1532","1","1"
"admin","07217700","1","1"
"admin","46323","1","1"
"admin","999442-00310","5","1"
"admin","999442-00300","1","1"
"admin","AGR.45-0265","1","1"
"admin","PT104PLUS","1","1"
"admin","27-6232","2","1"
"admin","RJBP6365","8","1"
"admin","727081","4","1"
"admin","531300503","1","1"
"admin","920003","1","1"
"admin","780229","5","1"
"admin","63 083 01-S","2","1"
"admin","999888-01205","1","1"
"admin","333068","2","1"
"admin","120374501","1","1"
"admin","531300767","1","1"
"admin","608000024","1","1"
"admin","502268401","1","1"
"admin","CMM 1000 REFURBISHED","1","1"
"admin","01199651","1","1"
"admin","0000 350 0508","1","1"
"admin","1130 141 2300","1","1"
"admin","25 454 04-S","1","1"
"admin","24 032 08-S","1","1"
"admin","A0007","1","1"
"admin","UN32","1","1"
"admin","277-32603-08","12","1"
"admin","107-0759","1","1"
"admin","691740","1","1"
"admin","08727300","1","1"
"admin","107-3780-03","1","1"
"admin","71505400","1","1"
"admin","55-9321","1","1"
"admin","1106 640 3801","1","1"
"admin","79324","2","1"
"admin","07400030","2","1"
"admin","248034","1","1"
"admin","890107","1","1"
"admin","1720388SM","1","1"
"admin","1713612SM ","1","1"
"admin","99999-7080","1","1"
"admin","191946","8","1"
"admin","430445","1","1"
"admin","107-7316-03","1","1"
"admin","X602000020","1","1"
"admin","60-9480","1","1"
"admin","14-9989","1","1"
"admin","14 094 13-S","1","1"
"admin","14 096 09-S","1","1"
"admin","00291100","1","1"
"admin","12 237 01-S","2","1"
"admin","M-545016-S","2","1"
"admin","12 018 06-S","1","1"
"admin","24 032 03-S","1","1"
"admin","A358000000","1","1"
"admin","399806S","1","1"
"admin","17620-Z07-R34","2","1"
"admin","1910971","1","1"
"admin","726-0135","1","1"
"admin","918-04378","1","1"
"admin","71504700","1","1"
"admin","248044","1","1"
"admin","999442-00040","1","1"
"admin","848-L30-1511","1","1"
"admin","691839","1","1"
"admin","0781 120 1004","2","1"
"admin","038919","2","1"
"admin","215-60240","2","1"
"admin","3604-039","1","1"
"admin","992807","1","1"
"admin","248029","1","1"
"admin","248091","1","1"
"admin","0000 882 4001","1","1"
"admin","4282 710 9030","1","1"
"admin","1123 640 2074","1","1"
"admin","9022 341 0960","8","1"
"admin","00006000","5","1"
"admin","780233","15","1"
"admin","90076","1","1"
"admin","18F0LD3372","1","1"
"admin","16100-ZK7-U31","1","1"
"admin","11013-7033","12","1"
"admin","21546310","1","1"
"admin","21546630","1","1"
"admin","112-0528","1","1"
"admin","119-3307","3","1"
"admin","710115","1","1"
"admin","710109","1","1"
"admin","710068","1","1"
"admin","710145","1","1"
"admin","06610-Z22-800ZA","1","1"
"admin","258074","1","1"
"admin","632047A","1","1"
"admin","11013-7006","12","1"
"admin","03264800","1","1"
"admin","9075 478 4159","2","1"
"admin","03640400","1","1"
"admin","79335","3","1"
"admin","79260000","1","1"
"admin","38908","5","1"
"admin","911194","1","1"
"admin","0000 882 4102","1","1"
"admin","800278","1","1"
"admin","6551","1","1"
"admin","06445100","2","1"
"admin","05404401","1","1"
"admin","05404500","1","1"
"admin","999449-00290","1","1"
"admin","999449-00310","1","1"
"admin","90757-767-000","9","1"
"admin","00462500","1","1"
"admin","05900037","1","1"
"admin","06445000","1","1"
"admin","26-9672","2","1"
"admin","3003 008 8913","3","1"
"admin","105-1851","1","1"
"admin","938031","10","1"
"admin","95701-08016-00","12","1"
"admin","90309-428-731","11","1"
"admin","T254","3","1"
"admin","79009","4","1"
"admin","20240","2","1"
"admin","1118 140 0802","1","1"
"admin","08P57-Z04-000","1","1"
"admin","104-8677","1","1"
"admin","999888-00723","2","1"
"admin","AH254","1","1"
"admin","999696-117","2","1"
"admin","340157","1","1"
"admin","102182","1","1"
"admin","692298","1","1"
"admin","120-5498","11","1"
"admin","71508000","1","1"
"admin","79014","39","1"
"admin","270026","1","1"
"admin","79023","3","1"
"admin","09253300","1","1"
"admin","05521600","1","1"
"admin","05511000","1","1"
"admin","71600500","2","1"
"admin","89850308034","9","1"
"admin","91056-VL0-B00","4","1"
"admin","55-9300","6","1"
"admin","03206700","1","1"
"admin","107-3813","2","1"
"admin","921030","29","1"
"admin","4135 124 2800","1","1"
"admin","VK-280","2","1"
"admin","238035","2","1"
"admin","999888-01211","3","1"
"admin","38910","11","1"
"admin","4001 713 3803","2","1"
"admin","07210800","1","1"
"admin","54416-736-A03","1","1"
"admin","72101600","13","1"
"admin","1140 140 4401","1","1"
"admin","106-4161","4","1"
"admin","USED RIDE MOWER","3","1"
"admin","07531700","1","1"
"admin","00009500","3","1"
"admin","790-00120-0637","2","1"
"admin","748-0376C","1","1"
"admin","911193","2","1"
"admin","499901","1","1"
"admin","119-3321","1","1"
"admin","17720042033","1","1"
"admin","030448","2","1"
"admin","L530P-RV30R","5","1"
"admin","99969-6208","3","1"
"admin","26 RMC3 74","1","1"
"admin","1903416","2","1"
"admin","63230-Z07-010AH","5","1"
"admin","20383","6","1"
"admin","4006 710 2118","1","1"
"admin","4002 710 2196","2","1"
"admin","14 227 11-S","1","1"
"admin","999442-00490","1","1"
"admin","07200523","1","1"
"admin","130884","4","1"
"admin","0000 930 2339","2","1"
"admin","08313300","1","1"
"admin","926055","1","1"
"admin","0000 350 0533","3","1"
"admin","OTC-33-10X1.25","1","1"
"admin","1121 140 1904","1","1"
"admin","0000 350 0535","3","1"
"admin","1121 120 1618","2","1"
"admin","HS720AA","14","1"
"admin","632760B","2","1"
"admin","120-251","6","1"
"admin","71509400","1","1"
"admin","71510500","1","1"
"admin","91PX45CQ","1","1"
"admin","21560031","7","1"
"admin","999441-00010","4","1"
"admin","921024","99","1"
"admin","106-4570","1","1"
"admin","H450IS-W","1","1"
"admin","310065061","1","1"
"admin","26460","2","1"
"admin","27793","2","1"
"admin","630748","5","1"
"admin","27544","4","1"
"admin","35065","1","1"
"admin","36010","1","1"
"admin","788049","1","1"
"admin","632527","1","1"
"admin","780072","1","1"
"admin","730235B","4","1"
"admin","788008","1","1"
"admin","37360","2","1"
"admin","35952","2","1"
"admin","36477","1","1"
"admin","730637A","3","1"
"admin","29953C","1","1"
"admin","37028","1","1"
"admin","34210","3","1"
"admin","651071","2","1"
"admin","31700","1","1"
"admin","35499","1","1"
"admin","33896","4","1"
"admin","610650B","1","1"
"admin","632735","2","1"
"admin","776230","1","1"
"admin","35317","1","1"
"admin","36634","4","1"
"admin","27136A","1","1"
"admin","631024","6","1"
"admin","610118","1","1"
"admin","34783","4","1"
"admin","31950","1","1"
"admin","650955","2","1"
"admin","31361","4","1"
"admin","632547","4","1"
"admin","630932A","1","1"
"admin","410285","1","1"
"admin","611154","2","1"
"admin","34340","3","1"
"admin","792089A","2","1"
"admin","36061","2","1"
"admin","36048","1","1"
"admin","632694A","1","1"
"admin","631951","1","1"
"admin","450255","5","1"
"admin","35504","1","1"
"admin","30572","1","1"
"admin","37116","6","1"
"admin","510327B","2","1"
"admin","590693","1","1"
"admin","788050","2","1"
"admin","630739","2","1"
"admin","34782B","5","1"
"admin","632386","1","1"
"admin","788030B","1","1"
"admin","780105A","1","1"
"admin","632548","1","1"
"admin","31960A","1","1"
"admin","590760","1","1"
"admin","175-513","7","1"
"admin","175-539","9","1"
"admin","175-521","10","1"
"admin","HTZ2200","2","1"
"admin","ACP-16","2","1"
"admin","28400-ZM0-013ZB","1","1"
"admin","175820","1","1"
"admin","179471","1","1"
"admin","752998","1","1"
"admin","694914","3","1"
"admin","539104735","1","1"
"admin","079186","2","1"
"admin","238022","1","1"
"admin","248047","1","1"
"admin","248048","2","1"
"admin","258036","1","1"
"admin","258043","1","1"
"admin","258044","1","1"
"admin","258049","1","1"
"admin","258050","1","1"
"admin","258066","1","1"
"admin","258068","1","1"
"admin","258070","1","1"
"admin","531300356","1","1"
"admin","531300771","1","1"
"admin","130781","20","1"
"admin","130807","19","1"
"admin","112-0933","1","1"
"admin","108-9390","1","1"
"admin","539990563","1","1"
"admin","USED MOTORCYCLE","2","1"
"admin","785644","1","1"
"admin","785648","1","1"
"admin","785660","2","1"
"admin","054039","1","1"
"admin","054015","2","1"
"admin","054051","2","1"
"admin","4112 121 9200","1","1"
"admin","17859-VA3-800","1","1"
"admin","T1015-85202","1","1"
"admin","RG18-526RS","1","1"
"admin","110-0537","1","1"
"admin","0361-0011","1","1"
"admin","0361-0014","1","1"
"admin","0361-0031","1","1"
"admin","DS-181192","2","1"
"admin","DS-181193","2","1"
"admin","DS-181195","2","1"
"admin","0361-0022","1","1"
"admin","0361-0038","1","1"
"admin","0361-0028","1","1"
"admin","106-8390","1","1"
"admin","494349","2","1"
"admin","5027D","1","1"
"admin","303076","3","1"
"admin","303084","3","1"
"admin","303092","3","1"
"admin","303096","3","1"
"admin","303100","3","1"
"admin","300525","3","1"
"admin","300529","2","1"
"admin","300517","2","1"
"admin","300509","1","1"
"admin","690985","1","1"
"admin","698537","2","1"
"admin","1123 400 1301","1","1"
"admin","968999377","1","1"
"admin","692590","1","1"
"admin","532751068","4","1"
"admin","93900100","1","1"
"admin","0350-0027","1","1"
"admin","110-6611","1","1"
"admin","36686","1","1"
"admin","0712-0104","1","1"
"admin","532140218","1","1"
"admin","4112 124 0801","1","1"
"admin","4112 350 3500","1","1"
"admin","107-7484","2","1"
"admin","54012-2141","1","1"
"admin","501846705","1","1"
"admin","25180","1","1"
"admin","258046","1","1"
"admin","425116","4","1"
"admin","425132","1","1"
"admin","425181","7","1"
"admin","425207","10","1"
"admin","430496","1","1"
"admin","430694","1","1"
"admin","0303-0123","1","1"
"admin","DS-302148","2","1"
"admin","430041","1","1"
"admin","695178","1","1"
"admin","3290-225","8","1"
"admin","00242900","6","1"
"admin","CATVCO","1","1"
"admin","4207","1","1"
"admin","AM3031","1","1"
"admin","49-4080","1","1"
"admin","92-4948","10","1"
"admin","92-6389","2","1"
"admin","106-7022","2","1"
"admin","609739","2","1"
"admin","37318","1","1"
"admin","93891-04012-07","2","1"
"admin","100-5486","2","1"
"admin","81-2680","2","1"
"admin","258047","1","1"
"admin","27381S","2","1"
"admin","258045","1","1"
"admin","532192230","1","1"
"admin","36437","2","1"
"admin","539105212","1","1"
"admin","DUMP300","2","1"
"admin","950-302794","1","1"
"admin","537234901","2","1"
"admin","112-8349","1","1"
"admin","100622","1","1"
"admin","36801","1","1"
"admin","163552","1","1"
"admin","537131101","1","1"
"admin","248055","1","1"
"admin","692667","9","1"
"admin","792383","5","1"
"admin","303080","3","1"
"admin","175520","1","1"
"admin","537285601","1","1"
"admin","10110890","1","1"
"admin","693502","2","1"
"admin","76266-VB5-D00","1","1"
"admin","4119 710 6906","1","1"
"admin","861316","1","1"
"admin","106-2177","1","1"
"admin","050203","1","1"
"admin","07813198908","1","1"
"admin","115113","1","1"
"admin","248056","1","1"
"admin","73350800","2","1"
"admin","694930","1","1"
"admin","54510-VG3-D00","1","1"
"admin","30549","1","1"
"admin","N-1804","1","1"
"admin","238028","1","1"
"admin","258064","1","1"
"admin","105-3048","3","1"
"admin","12310152130","1","1"
"admin","1113 121 5000","1","1"
"admin","1120 121 5404","1","1"
"admin","1120 122 3001","1","1"
"admin","701813","3","1"
"admin","189533GS","1","1"
"admin","12 165 01-S","1","1"
"admin","90102-VH7-000","2","1"
"admin","250084","5","1"
"admin","250092","8","1"
"admin","250100","1","1"
"admin","250142","7","1"
"admin","250159","9","1"
"admin","250167","5","1"
"admin","256-276","1","1"
"admin","3230-29","5","1"
"admin","09212200","2","1"
"admin","09212300","3","1"
"admin","861706","1","1"
"admin","25 113 25-S","1","1"
"admin","24548A","1","1"
"admin","24549A","1","1"
"admin","531300382","1","1"
"admin","32128-21","1","1"
"admin","94-7582","1","1"
"admin","17220-Z0H-000","1","1"
"admin","090231","25","1"
"admin","096131","25","1"
"admin","3920-0060","1","1"
"admin","1116 182 0800","1","1"
"admin","090131","25","1"
"admin","62-4540","1","1"
"admin","694876","1","1"
"admin","532144200","1","1"
"admin","4128 141 8000","2","1"
"admin","135095","1","1"
"admin","265516","1","1"
"admin","0210128","1","1"
"admin","255-0007","1","1"
"admin","V266000030","2","1"
"admin","PENETRATING OIL","7","1"
"admin","CARB CLEANER","15","1"
"admin","01X186MA","1","1"
"admin","58904600","1","1"
"admin","921001","2","1"
"admin","711142","1","1"
"admin","00007200","3","1"
"admin","CASE 63PM1 55","3","1"
"admin","19203","1","1"
"admin","107-7498","20","1"
"admin","90106-750-000","1","1"
"admin","0000 890 1701","1","1"
"admin","861513","1","1"
"admin","4105","7","1"
"admin","0000 930 2251A","1","1"
"admin","35439","2","1"
"admin","130827","3","1"
"admin","692265","2","1"
"admin","298859","1","1"
"admin","1715127sm","1","1"
"admin","242-50","4","1"
"admin","03218700","3","1"
"admin","08083800","1","1"
"admin","505698112","2","1"
"admin","35700","1","1"
"admin","34946","1","1"
"admin","07412300","1","1"
"admin","3715-0001","2","1"
"admin","3715-0003","2","1"
"admin","410253","2","1"
"admin","610000023","9","1"
"admin","3256-23","7","1"
"admin","3296-39","15","1"
"admin","490-7514","1","1"
"admin","73-8220","6","1"
"admin","104-8682","1","1"
"admin","322-7","3","1"
"admin","322-9","3","1"
"admin","32151-49","2","1"
"admin","1110 890 4500","1","1"
"admin","4133 893 0800","1","1"
"admin","430173","2","1"
"admin","5111A","4","1"
"admin","5107A","2","1"
"admin","5018D","4","1"
"admin","10014","1","1"
"admin","1106 890 4501","1","1"
"admin","180432","2","1"
"admin","609004","1","1"
"admin","34279B","2","1"
"admin","33-4820","1","1"
"admin","483341","1","1"
"admin","46-2650","2","1"
"admin","917057","3","1"
"admin","0781 319 8051   ","4","1"
"admin","430223","1","1"
"admin","1123 640 2002","1","1"
"admin","89864","6","1"
"admin","632709","1","1"
"admin","335016","1","1"
"admin","740049","1","1"
"admin","11011-6001","1","1"
"admin","481707","3","1"
"admin","17910-VE2-003","1","1"
"admin","494788","1","1"
"admin","4282 708 8700","3","1"
"admin","4282 708 8701","3","1"
"admin","040237","1","1"
"admin","90010","2","1"
"admin","691823","1","1"
"admin","696126","1","1"
"admin","483318","3","1"
"admin","24 032 01-S","1","1"
"admin","90006-ZG9-M00","2","1"
"admin","4229 007 1001","2","1"
"admin","248057","1","1"
"admin","07500010","1","1"
"admin","78602","1","1"
"admin","4182 200 0035","1","1"
"admin","0835 020 8004","6","1"
"admin","193423GS","1","1"
"admin","KN-303","1","1"
"admin","90003500008","1","1"
"admin","697415","2","1"
"admin","415323","1","1"
"admin","X-42-2-S","1","1"
"admin","AP104","2","1"
"admin","791745","1","1"
"admin","482497","1","1"
"admin","1123 007 1029","1","1"
"admin","1123 640 2077","1","1"
"admin","196063GS","1","1"
"admin","778113A","1","1"
"admin","778229","1","1"
"admin","107-3889","1","1"
"admin","108-1044","2","1"
"admin","108-7450","1","1"
"admin","108-7451","1","1"
"admin","108-9345","1","1"
"admin","CASE 26RM2 62","1","1"
"admin","35480-ZJ1-841","1","1"
"admin","4137 190 4000","1","1"
"admin","46-7030","1","1"
"admin","25 757 11-S","1","1"
"admin","32631A","1","1"
"admin","113523","1","1"
"admin","49-7700","1","1"
"admin","71-5260","1","1"
"admin","531306369","1","1"
"admin","920001","1","1"
"admin","14871","2","1"
"admin","T1108-82220","1","1"
"admin","926024","1","1"
"admin","06600100","2","1"
"admin","1122 664 1000","1","1"
"admin","544-08-08-03","1","1"
"admin","01563700","1","1"
"admin","112-0929","2","1"
"admin","130097","18","1"
"admin","75166-VA3-J01","1","1"
"admin","03707200","1","1"
"admin","130500","4","1"
"admin","581399E701MA","1","1"
"admin","54416-732-000","1","1"
"admin","848-L58-65E0","1","1"
"admin","581395E701MA ","1","1"
"admin","17-9426","4","1"
"admin","SUEDE MITS TAN","6","1"
"admin","COWSPLIT TAN ","5","1"
"admin","248033","2","1"
"admin","1685501 ","1","1"
"admin","180116","1","1"
"admin","72951-14100","1","1"
"admin","35554","1","1"
"admin","5042H","1","1"
"admin","100058","6","1"
"admin","100030C","1","1"
"admin","272235S","3","1"
"admin","106-4563","1","1"
"admin","94-8890","1","1"
"admin","MEP7061","1","1"
"admin","MEP7052","1","1"
"admin","700371","8","1"
"admin","700504","8","1"
"admin","55-9530","2","1"
"admin","SUEDE MITS BLACK","1","1"
"admin","05416001","1","1"
"admin","08309400","1","1"
"admin","79171","1","1"
"admin","3290-422","1","1"
"admin","93-0241-03","4","1"
"admin","110-1630","2","1"
"admin","605120","3","1"
"admin","117-4165","1","1"
"admin","114-3468","2","1"
"admin","333072","2","1"
"admin","265421","1","1"
"admin","410043","9","1"
"admin","12 755 93-S","1","1"
"admin","25 050 07-S","1","1"
"admin","537215202","1","1"
"admin","110-2181","1","1"
"admin","P021001392","1","1"
"admin","25 883 03-S1","2","1"
"admin","93-4343","1","1"
"admin","248060","1","1"
"admin","11013-2204","1","1"
"admin","691846","2","1"
"admin","25 757 02-S","1","1"
"admin","0781 319 8008","5","1"
"admin","114-3764","1","1"
"admin","0781 319 8009","10","1"
"admin","385637","1","1"
"admin","90325-044-000","4","1"
"admin","115-4682","1","1"
"admin","848-L58-6521","1","1"
"admin","05363800","1","1"
"admin","13051112330","1","1"
"admin","196857","1","1"
"admin","53126-VG3-B02","1","1"
"admin","1125 120 1602","1","1"
"admin","22100-ZM5-K81","1","1"
"admin","135008","2","1"
"admin","28424","1","1"
"admin","16824","1","1"
"admin","690968","1","1"
"admin","391071","1","1"
"admin","94608-50000","9","1"
"admin","692513","2","1"
"admin","501668401","1","1"
"admin","HSS724WD","1","1"
"admin","20 599 02-S","2","1"
"admin","795315","1","1"
"admin","390463","1","1"
"admin","37122","1","1"
"admin","1123 400 1203","1","1"
"admin","911-1107","1","1"
"admin","16562-ZE3-700","1","1"
"admin","55-9390","1","1"
"admin","05305100","2","1"
"admin","265013","1","1"
"admin","55-8910-03","1","1"
"admin","258029","1","1"
"admin","106-4594","1","1"
"admin","415307","1","1"
"admin","107-3898","1","1"
"admin","44-5270","1","1"
"admin","5043D","5","1"
"admin","110-8835","1","1"
"admin","110-8833","2","1"
"admin","98-7011","2","1"
"admin","3230-2","2","1"
"admin","MS-20","1","1"
"admin","610961","1","1"
"admin","1580MA","1","1"
"admin","180100","1","1"
"admin","302620","3","1"
"admin","06437200","1","1"
"admin","05417700","1","1"
"admin","430508","1","1"
"admin","991077","1","1"
"admin","260026","1","1"
"admin","260034","1","1"
"admin","17720212220","1","1"
"admin","911112","1","1"
"admin","11060-7011","2","1"
"admin","11060-7013","2","1"
"admin","11060-7024","2","1"
"admin","590682","1","1"
"admin","11U1L","2","1"
"admin","51520600","1","1"
"admin","CT2510","1","1"
"admin","20199","2","1"
"admin","700100","2","1"
"admin","792303","1","1"
"admin","87589-VL0-B00","2","1"
"admin","610995","2","1"
"admin","695427","1","1"
"admin","46-6980","1","1"
"admin","9212 260 0900","1","1"
"admin","248051","1","1"
"admin","00272800","3","1"
"admin","248032","1","1"
"admin","92-4928","1","1"
"admin","335711","2","1"
"admin","52 030 10-S","1","1"
"admin","7026118","1","1"
"admin","325827","1","1"
"admin","18310-Z22-E30","1","1"
"admin","90601-ZE1-000","4","1"
"admin","999441-00320","1","1"
"admin","47-1420","1","1"
"admin","94-1610","3","1"
"admin","106-4509","1","1"
"admin","1703945SM ","1","1"
"admin","187292GS","1","1"
"admin","498809","1","1"
"admin","59210300","1","1"
"admin","611056","1","1"
"admin","V583000010","2","1"
"admin","4228 124 1500","1","1"
"admin","1155","174","1"
"admin","95","10","1"
"admin","78","11","1"
"admin","1110","9","1"
"admin","1105","7","1"
"admin","1115","7","1"
"admin","755-8","6","1"
"admin","4228 141 0502","1","1"
"admin","425058","1","1"
"admin","03075559","2","1"
"admin","104-4430","3","1"
"admin","13201004920","1","1"
"admin","248084","1","1"
"admin","248058","1","1"
"admin","248069","1","1"
"admin","780237","31","1"
"admin","241381-01","1","1"
"admin","4223 141 2200","1","1"
"admin","793754","1","1"
"admin","245013","1","1"
"admin","770115","3","1"
"admin","770192","1","1"
"admin","AMSOIL SABER 100:1","3","1"
"admin","241646-00","1","1"
"admin","1110 122 9410","1","1"
"admin","119-1993","2","1"
"admin","110-9375","1","1"
"admin","310289A","1","1"
"admin","682755","1","1"
"admin","73-1570","6","1"
"admin","73-3690","3","1"
"admin","73-8590","1","1"
"admin","81-0090","2","1"
"admin","38-8310","1","1"
"admin","48-2060","1","1"
"admin","61-8802","3","1"
"admin","112-0931","1","1"
"admin","115-9649-03 ","3","1"
"admin","112-9763","1","1"
"admin","79313","1","1"
"admin","5405H","1","1"
"admin","5065D","7","1"
"admin","792912","2","1"
"admin","5041D","10","1"
"admin","5053D","2","1"
"admin","695757","1","1"
"admin","794701","1","1"
"admin","711-1408","1","1"
"admin","05716800","1","1"
"admin","108-3762-03P","1","1"
"admin","05500124","1","1"
"admin","06900427","1","1"
"admin","11013-7019","1","1"
"admin","EXTENDED-PICKUP","2","1"
"admin","108-4909","1","1"
"admin","265811","1","1"
"admin","631029","2","1"
"admin","4223 141 0300","3","1"
"admin","793386","1","1"
"admin","11013-2021","1","1"
"admin","DH254-24","2","1"
"admin","99944400445","4","1"
"admin","V224000030","3","1"
"admin","76-4660","1","1"
"admin","53110-VH7-N00ZA","1","1"
"admin","65-5042","1","1"
"admin","430066","1","1"
"admin","73-8190","1","1"
"admin","95-3282","2","1"
"admin","04619023080","100","1"
"admin","0781 516 5009","1","1"
"admin","0781 319 5050","40","1"
"admin","0781 319 8011","61","1"
"admin","70103138006","36","1"
"admin","61001122360","1","1"
"admin","15D1940018","1","1"
"admin","KM55R","1","1"
"admin","DH254-30","1","1"
"admin","06225900","1","1"
"admin","130690","4","1"
"admin","135081","1","1"
"admin","1130 124 0800","1","1"
"admin","848-F60-31A1","1","1"
"admin","1685251SM","1","1"
"admin","1704769","1","1"
"admin","4L860W","1","1"
"admin","120121","7","1"
"admin","21546548","2","1"
"admin","21546083","2","1"
"admin","26RMC-62","2","1"
"admin","691819","1","1"
"admin","5081H","5","1"
"admin","258052","1","1"
"admin","430249","1","1"
"admin","A356000031","1","1"
"admin","112-8763","1","1"
"admin","119-7007","1","1"
"admin","4130 007 1020","1","1"
"admin","5048D","1","1"
"admin","V805000150","3","1"
"admin","07533500","1","1"
"admin","691831","1","1"
"admin","490-8177","1","1"
"admin","1125 195 0401","1","1"
"admin","03248300","1","1"
"admin","393397","1","1"
"admin","20103200","1","1"
"admin","89811","2","1"
"admin","843327","1","1"
"admin","36680","1","1"
"admin","C044000320","1","1"
"admin","11047-2057-9H","1","1"
"admin","11060-2079","1","1"
"admin","38593","1","1"
"admin","0000 190 3414","1","1"
"admin","03389200","1","1"
"admin","1106 122 7400","1","1"
"admin","08P57-ZA0-A80","1","1"
"admin","00483200","1","1"
"admin","9008 319 1350","1","1"
"admin","T4002-32210","1","1"
"admin","30560A","1","1"
"admin","C509000080","1","1"
"admin","258067","1","1"
"admin","1113 140 9510","1","1"
"admin","298060","1","1"
"admin","298185","1","1"
"admin","848-D4A-65A0","1","1"
"admin","06169-ZE1-305","3","1"
"admin","248074","1","1"
"admin","65-4750","6","1"
"admin","33679","1","1"
"admin","32115-19","6","1"
"admin","130421","3","1"
"admin","258048","1","1"
"admin","848-L54-3411","2","1"
"admin","15D114-0017-E8","1","1"
"admin","49019-2119","1","1"
"admin","104-0858","3","1"
"admin","90305-SH3-000","4","1"
"admin","492024","1","1"
"admin","5052","5","1"
"admin","5059D","4","1"
"admin","5127","1","1"
"admin","393957S","3","1"
"admin","35857","1","1"
"admin","792208","1","1"
"admin","104-8671","1","1"
"admin","44-2750P","1","1"
"admin","66-7460P","2","1"
"admin","92-5790","1","1"
"admin","112-6439","2","1"
"admin","79314","4","1"
"admin","121-0360","4","1"
"admin","180104","1","1"
"admin","53110-767-A11","1","1"
"admin","0000 930 2203","2","1"
"admin","52409200","4","1"
"admin","590418","1","1"
"admin","119-1977","2","1"
"admin","105-3542","1","1"
"admin","90122-VM0-007","3","1"
"admin","WG308","1","1"
"admin","490-7464","4","1"
"admin","119-1988","2","1"
"admin","125336","3","1"
"admin","954-0367","1","1"
"admin","TC210","1","1"
"admin","66-6750","1","1"
"admin","05947100","1","1"
"admin","06530100","1","1"
"admin","1118 120 1601","1","1"
"admin","WX15 TA","1","1"
"admin","775999","1","1"
"admin","120-122","6","1"
"admin","4229 140 6901","1","1"
"admin","25 158 11-S","1","1"
"admin","36046","2","1"
"admin","690664","2","1"
"admin","691160","1","1"
"admin","20236","4","1"
"admin","SST249","1","1"
"admin","490-8360","1","1"
"admin","5-6530","1","1"
"admin","49040-7001","1","1"
"admin","265-467 ","1","1"
"admin","932-0556","1","1"
"admin","7010 884 0341","1","1"
"admin","MS-4","2","1"
"admin","11013-7029","7","1"
"admin","104-8301","1","1"
"admin","21538200","2","1"
"admin","45-0294","1","1"
"admin","7012122","2","1"
"admin","5556","18","1"
"admin","00164145","1","1"
"admin","90105","1","1"
"admin","43002","10","1"
"admin","119-8459","1","1"
"admin","79217","1","1"
"admin","HRX217K5VLA","2","1"
"admin","1120 121 7700","1","1"
"admin","53172-Z28-000","1","1"
"admin","14075-7013","1","1"
"admin","63-8360P","4","1"
"admin","0000 350 0504","1","1"
"admin","FSE60","1","1"
"admin","130095","3","1"
"admin","7026407","1","1"
"admin","632347","1","1"
"admin","1719819","1","1"
"admin","38206-735-921","1","1"
"admin","98200-31500","9","1"
"admin","2157332","1","1"
"admin","2822133","1","1"
"admin","340182","3","1"
"admin","54-0010-03","3","1"
"admin","11013-7024","4","1"
"admin","11013-7025","10","1"
"admin","11013-7031","10","1"
"admin","115-1300-05","1","1"
"admin","678113","1","1"
"admin","322-5","3","1"
"admin","3253-21","4","1"
"admin","3256-3","3","1"
"admin","391681","1","1"
"admin","20200","2","1"
"admin","248065","1","1"
"admin","71514200","2","1"
"admin","72100100","150","1"
"admin","152202 ","1","1"
"admin","730515A","1","1"
"admin","07002600","1","1"
"admin","340248","1","1"
"admin","104-5322","1","1"
"admin","00366700","1","1"
"admin","A232000300","1","1"
"admin","119-0288","1","1"
"admin","03943750","1","1"
"admin","00464000","1","1"
"admin","4137 124 1500","2","1"
"admin","5605 750 4327","2","1"
"admin","YARDTOTE","12","1"
"admin","840201","1","1"
"admin","07242600","1","1"
"admin","95701-06016-08","4","1"
"admin","1-303514","3","1"
"admin","90010605020","2","1"
"admin","544 27 60-01","2","1"
"admin","4203 141 0301","1","1"
"admin","0781 319 8010   ","1","1"
"admin","05412000","2","1"
"admin","3290-355","3","1"
"admin","5067457-01","4","1"
"admin","615-334","4","1"
"admin","848-L58-65A1","10","1"
"admin","030467","1","1"
"admin","1118 640 2003","1","1"
"admin","4119 710 9001","4","1"
"admin","506744201","1","1"
"admin","42-0884","1","1"
"admin","06760-768-000AH","1","1"
"admin","03226000","1","1"
"admin","08208-HST01","1","1"
"admin","16600-Z1L-840","1","1"
"admin","5793","1","1"
"admin","248059","1","1"
"admin","78312-954-000AH","1","1"
"admin","78322-954-000AH","2","1"
"admin","14 089 14-S","1","1"
"admin","74604000","2","1"
"admin","106-2173","1","1"
"admin","106-2174","1","1"
"admin","107-1741-03","1","1"
"admin","1123 358 7702","1","1"
"admin","94109-14000","27","1"
"admin","5605 750 4329","2","1"
"admin","99101-ZG0-0550","1","1"
"admin","5610","6","1"
"admin","5882","2","1"
"admin","1122 656 7700","1","1"
"admin","270511","3","1"
"admin","5043W","13","1"
"admin","799579","5","1"
"admin","5415K","5","1"
"admin","35110-766-003","1","1"
"admin","4237 190 0600","1","1"
"admin","231855S","1","1"
"admin","PAS-280","4","1"
"admin","00008000","8","1"
"admin","08732-CBCCA","10","1"
"admin","35111-880-013","2","1"
"admin","17211-ZT3-000","2","1"
"admin","08707-R8","1","1"
"admin","08P59-Z28-00S","1","1"
"admin","74-1420-01","1","1"
"admin","130876","2","1"
"admin","94109-12000","4","1"
"admin","0000 930 2803","1","1"
"admin","495606","2","1"
"admin","79102600","1","1"
"admin","11013-7034","2","1"
"admin","5500-13163","1","1"
"admin","03994300","1","1"
"admin","07100811","1","1"
"admin","78803500","1","1"
"admin","20-1820","1","1"
"admin","C7HSA","14","1"
"admin","D7EA","11","1"
"admin","06520-768-000AH","2","1"
"admin","B8ES","2","1"
"admin","210043","1","1"
"admin","225746","2","1"
"admin","102582","2","1"
"admin","4203 700 4501","1","1"
"admin","11060-2334","3","1"
"admin","EM4000 SX","4","1"
"admin","11051-2077","4","1"
"admin","59071-7004","1","1"
"admin","92171-2053","2","1"
"admin","92038-2077","2","1"
"admin","13236-7008","1","1"
"admin","13070-7004","1","1"
"admin","01593500","3","1"
"admin","43015","8","1"
"admin","EM6500 SX21","3","1"
"admin","16030-2083","1","1"
"admin","999696-118","9","1"
"admin","11013-2228","6","1"
"admin","11029-2021","10","1"
"admin","49019-2114","24","1"
"admin","99969-6190A","1","1"
"admin","547211","2","1"
"admin","09293501","1","1"
"admin","07200529","1","1"
"admin","79101000","1","1"
"admin","71507800","1","1"
"admin","00191100","1","1"
"admin","20200182","1","1"
"admin","12 050 01-S","6","1"
"admin","03519200","1","1"
"admin","04145451","1","1"
"admin","03884359","1","1"
"admin","05900017","1","1"
"admin","05435700","4","1"
"admin","09089700","1","1"
"admin","06517600","8","1"
"admin","07517600","3","1"
"admin","08336000","2","1"
"admin","05500940","1","1"
"admin","05600004","1","1"
"admin","06700001","1","1"
"admin","00296400","1","1"
"admin","07500125","21","1"
"admin","09275900","1","1"
"admin","00456600","5","1"
"admin","03490500","1","1"
"admin","01588200","1","1"
"admin","125384","1","1"
"admin","07500109","1","1"
"admin","06939100","9","1"
"admin","06537200","1","1"
"admin","06537400","1","1"
"admin","06534700","2","1"
"admin","09212300","6","1"
"admin","05962800","29","1"
"admin","04935700","2","1"
"admin","06224100","1","1"
"admin","03987000","3","1"
"admin","03121300","3","1"
"admin","09082400","1","1"
"admin","120440","5","1"
"admin","780213","96","1"
"admin","430386","26","1"
"admin","430492","12","1"
"admin","699959","1","1"
"admin","99999-0338","4","1"
"admin","07239700","4","1"
"admin","07213200","4","1"
"admin","07208900","1","1"
"admin","07224000","2","1"
"admin","07224800","2","1"
"admin","07211600","1","1"
"admin","07217800","3","1"
"admin","07200023","1","1"
"admin","07230600","1","1"
"admin","07200036","1","1"
"admin","07242800","1","1"
"admin","07220500","1","1"
"admin","07212200","2","1"
"admin","07207400","1","1"
"admin","07204800","1","1"
"admin","07212000","1","1"
"admin","07235800","2","1"
"admin","07235700","1","1"
"admin","07200019","2","1"
"admin","07223700","1","1"
"admin","01465700","1","1"
"admin","07236200","1","1"
"admin","07202600","1","1"
"admin","07205600","2","1"
"admin","07243600","1","1"
"admin","07200115","1","1"
"admin","119-3811","1","1"
"admin","1703972","1","1"
"admin","248046","1","1"
"admin","66538S","3","1"
"admin","16F0LD3366","1","1"
"admin","90154","1","1"
"admin","MS261 18","1","1"
"admin","MS362 C-M 18","1","1"
"admin","06900317","1","1"
"admin","796577","1","1"
"admin","47 883 03-S1","1","1"
"admin","4852 710 8100","1","1"
"admin","162144 ","1","1"
"admin","0781 313 8007","11","1"
"admin","12 757 02-S","1","1"
"admin","170175","1","1"
"admin","91PX57CQ","1","1"
"admin","4006 710 4000","1","1"
"admin","003182","1","1"
"admin","258069","1","1"
"admin","425223","1","1"
"admin","271962S","1","1"
"admin","398187","2","1"
"admin","4130 710 9000","1","1"
"admin","112-0316","3","1"
"admin","4282 122 9000","1","1"
"admin","2509811","1","1"
"admin","16010-883-015","2","1"
"admin","108-8134","1","1"
"admin","9075 478 4155","2","1"
"admin","STARTING FLUID","8","1"
"admin","4852 710 8101","1","1"
"admin","34338","1","1"
"admin","79212","1","1"
"admin","3254-5","2","1"
"admin","04291300","2","1"
"admin","248053","1","1"
"admin","86-9671P","1","1"
"admin","99-6837","1","1"
"admin","17220-Z0H-010","1","1"
"admin","4852 713 3401","1","1"
"admin","130083","4","1"
"admin","59102100","2","1"
"admin","32120-64","4","1"
"admin","3257-5","1","1"
"admin","51480","1","1"
"admin","4224 007 1014","1","1"
"admin","30700-ZE3-792","1","1"
"admin","24 393 16-S","1","1"
"admin","25 083 04-S","1","1"
"admin","104-8698","2","1"
"admin","493880S","3","1"
"admin","7010 871 0241","1","1"
"admin","119-3304-03","1","1"
"admin","430330","1","1"
"admin","248054","1","1"
"admin","79338","1","1"
"admin","1129 890 3401","1","1"
"admin","112-6400","1","1"
"admin","112-6401","1","1"
"admin","112-6438","1","1"
"admin","797007","3","1"
"admin","11029-0018","1","1"
"admin","11060-7016","2","1"
"admin","88027","7","1"
"admin","07200506","2","1"
"admin","1121 195 3400","1","1"
"admin","16620-Z1L-841","1","1"
"admin","0000 930 2580","2","1"
"admin","4140 140 6903","1","1"
"admin","99-4693","1","1"
"admin","248088","1","1"
"admin","11013-2232","1","1"
"admin","108-9780","2","1"
"admin","C282","1","1"
"admin","545081841","2","1"
"admin","248052","1","1"
"admin","65-4720","4","1"
"admin","7013313","1","1"
"admin","72001300","3","1"
"admin","5618","9","1"
"admin","5605 007 1027","1","1"
"admin","AMSOIL 0W-40","2","1"
"admin","11013-7009","5","1"
"admin","07100823","2","1"
"admin","45 883 02-S1","2","1"
"admin","999442-00595","1","1"
"admin","40-1940","5","1"
"admin","90303-VG3-000","1","1"
"admin","691879","1","1"
"admin","94201-20350","2","1"
"admin","3230-22","1","1"
"admin","3256-70","8","1"
"admin","38212","1","1"
"admin","38213","1","1"
"admin","EU3000 IH1A HANDI","1","1"
"admin","3296-42","3","1"
"admin","119-1564","1","1"
"admin","119-1566","1","1"
"admin","698369","2","1"
"admin","05417600","2","1"
"admin","532180135","2","1"
"admin","71-5390","7","1"
"admin","92101-06018-0A","4","1"
"admin","94101-06800","1","1"
"admin","654280","1","1"
"admin","95-3270","5","1"
"admin","74616","1","1"
"admin","120-4401","1","1"
"admin","780-242","90","1"
"admin","79333","5","1"
"admin","78814700","1","1"
"admin","130075","4","1"
"admin","238029","1","1"
"admin","248066","1","1"
"admin","12 083 08-S","2","1"
"admin","544 27 16-01","2","1"
"admin","544 27 15-01","3","1"
"admin","73801000","2","1"
"admin","38215","1","1"
"admin","92-4095","40","1"
"admin","EG4000 CL1","2","1"
"admin","03705800","2","1"
"admin","07200627","1","1"
"admin","108-4906","1","1"
"admin","81-2630","1","1"
"admin","53125-VE1-R00","2","1"
"admin","520-850","1","1"
"admin","121-2319","1","1"
"admin","731-1033","1","1"
"admin","630978","1","1"
"admin","732-0324","1","1"
"admin","A106BD","4","1"
"admin","16611-ZL8-H00","1","1"
"admin","792101","3","1"
"admin","72407900","1","1"
"admin","94001-06200-0S","12","1"
"admin","CS-600P-20","1","1"
"admin","32112-11","13","1"
"admin","590414","1","1"
"admin","90110-V10-020","1","1"
"admin","119-1950","1","1"
"admin","53802900","2","1"
"admin","53803100","2","1"
"admin","794482","1","1"
"admin","A105BD","2","1"
"admin","00170200","1","1"
"admin","23-3730","2","1"
"admin","684776","3","1"
"admin","100-5989","1","1"
"admin","112-3977","6","1"
"admin","120-5218","1","1"
"admin","120-5455","20","1"
"admin","33114-025","2","1"
"admin","79010","7","1"
"admin","104-7667","2","1"
"admin","107-1918","1","1"
"admin","110-0549","7","1"
"admin","112-0352","1","1"
"admin","127-0656","1","1"
"admin","79016P","14","1"
"admin","79221","4","1"
"admin","89930","89","1"
"admin","89932","36","1"
"admin","112-0305","5","1"
"admin","26-9670","5","1"
"admin","520-862","2","1"
"admin","790221","1","1"
"admin","430674","1","1"
"admin","415299","1","1"
"admin","271794S","2","1"
"admin","79336","1","1"
"admin","38-4520","1","1"
"admin","238031","1","1"
"admin","03809400","2","1"
"admin","632019A","2","1"
"admin","08208-HST02","15","1"
"admin","4142","1","1"
"admin","497725S","3","1"
"admin","4232","2","1"
"admin","5018W","9","1"
"admin","5106B","4","1"
"admin","85013","1","1"
"admin","85023","2","1"
"admin","3922","4","1"
"admin","36443","1","1"
"admin","321-44","7","1"
"admin","37-9090","2","1"
"admin","79209100","1","1"
"admin","798785","8","1"
"admin","0000 997 1601","1","1"
"admin","1125 641 4900","1","1"
"admin","115-5682","1","1"
"admin","901028","2","1"
"admin","79104800","1","1"
"admin","HRX217K5HZA","15","1"
"admin","992233","1","1"
"admin","3296-72","2","1"
"admin","GT225I","1","1"
"admin","780266","2","1"
"admin","45-0264","1","1"
"admin","7041232BMYP","1","1"
"admin","12 326 03-S","1","1"
"admin","52 050 02-S1","3","1"
"admin","107-3893","2","1"
"admin","120-4419","2","1"
"admin","A226000032","1","1"
"admin","1123 648 6600","1","1"
"admin","100-3443","1","1"
"admin","84-5240","1","1"
"admin","M89832","1","1"
"admin","5075D","1","1"
"admin","80010472","2","1"
"admin","394681","1","1"
"admin","79141","1","1"
"admin","120818","1","1"
"admin","0000 642 1236","1","1"
"admin","109-9505","4","1"
"admin","6192","1","1"
"admin","92022-2231","4","1"
"admin","11013-2109","1","1"
"admin","49065-2071","1","1"
"admin","20339","1","1"
"admin","M139970","1","1"
"admin","HRS2162SDA","1","1"
"admin","54-9190","4","1"
"admin","248050","1","1"
"admin","GLOVES-COATED","24","1"
"admin","74636","8","1"
"admin","45-0295","1","1"
"admin","35403","1","1"
"admin","35404","1","1"
"admin","HRR216 K9 PKA","1","1"
"admin","27-6250","2","1"
"admin","32151-36","3","1"
"admin","322-6","5","1"
"admin","430413","1","1"
"admin","0781 516 5005","169","1"
"admin","0781 516 4002","9","1"
"admin","0781 313 8018","8","1"
"admin","1118 120 1606","1","1"
"admin","611396","6","1"
"admin","108-3759-03","2","1"
"admin","795027","2","1"
"admin","130815","3","1"
"admin","102450","4","1"
"admin","3231-25","6","1"
"admin","17631-329-003","2","1"
"admin","A104BD","4","1"
"admin","0000 882 0902","1","1"
"admin","309016E701MA ","2","1"
"admin","59534P","4","1"
"admin","79315","5","1"
"admin","20239","4","1"
"admin","C535000911","1","1"
"admin","0000 007 1088","1","1"
"admin","4002 710 4301","1","1"
"admin","4226 120 2200","1","1"
"admin","430538","2","1"
"admin","FVP27FXHD","1","1"
"admin","17801052130","1","1"
"admin","P003003850","1","1"
"admin","P003004600","1","1"
"admin","6006","15","1"
"admin","08P58-ZT3-100S","2","1"
"admin","17211-ZE7-W03","1","1"
"admin","72511-VG4-K00","6","1"
"admin","104-1301","4","1"
"admin","125-7565","2","1"
"admin","73-8200","4","1"
"admin","88185","1","1"
"admin","0000 930 2588","3","1"
"admin","146035","1","1"
"admin","71511700","1","1"
"admin","240394","1","1"
"admin","P021045211","1","1"
"admin","17853-VF9-S41","1","1"
"admin","590701","2","1"
"admin","92-8647","1","1"
"admin","130020","3","1"
"admin","BRD280","1","1"
"admin","88512","3","1"
"admin","16950-ZM0-003","1","1"
"admin","32 098 04-S","1","1"
"admin","430770","1","1"
"admin","146019","1","1"
"admin","435-032","1","1"
"admin","SRTZ2401F","1","1"
"admin","51488","1","1"
"admin","9512 933 2380","1","1"
"admin","75306315","1","1"
"admin","06425-ZS9-020AH","1","1"
"admin","248036","1","1"
"admin","HRX217HZA","1","1"
"admin","92037-2209","4","1"
"admin","99-1597","5","1"
"admin","17228-ZM0-000","3","1"
"admin","430798","1","1"
"admin","999888-00722","4","1"
"admin","430401","1","1"
"admin","696001-21431","2","1"
"admin","4002 713 9701","1","1"
"admin","4241 140 1000","1","1"
"admin","88045","1","1"
"admin","99-1586","2","1"
"admin","08707-NHB37M","1","1"
"admin","88-5140-03","12","1"
"admin","0000 882 4101","1","1"
"admin","4002 713 9708","1","1"
"admin","4140 358 7702","2","1"
"admin","7010 884 0316","2","1"
"admin","272538S","1","1"
"admin","21547024","1","1"
"admin","248045","1","1"
"admin","06611200","1","1"
"admin","20LPX72CQ","1","1"
"admin","72570-VF9-650AH","1","1"
"admin","74629","4","1"
"admin","07200514","2","1"
"admin","X-42-15-S","2","1"
"admin","3075803","1","1"
"admin","104-7668","2","1"
"admin","17620-ZT3-030","2","1"
"admin","04947800","1","1"
"admin","0000 882 4105","1","1"
"admin","7010 884 0361","2","1"
"admin","6092","6","1"
"admin","12 757 03-S","1","1"
"admin","108-4887","3","1"
"admin","115-8420","1","1"
"admin","08391-Z07-003","2","1"
"admin","272409S","1","1"
"admin","11060-2088","2","1"
"admin","732-0963","1","1"
"admin","121-4253","1","1"
"admin","1145 180 0900","1","1"
"admin","4126 713 3100","1","1"
"admin","4130 713 1600","1","1"
"admin","90106","1","1"
"admin","42672-VE2-800","2","1"
"admin","74720","1","1"
"admin","36786","2","1"
"admin","15611-921-000","1","1"
"admin","792647","1","1"
"admin","5401D","1","1"
"admin","593208","2","1"
"admin","215511","3","1"
"admin","110-2182","1","1"
"admin","52-2480","2","1"
"admin","0000 350 0532","1","1"
"admin","1127 120 1621","1","1"
"admin","1127 647 9400","1","1"
"admin","393152","3","1"
"admin","75185-VE1-G00","2","1"
"admin","04916400","3","1"
"admin","696015-53630","5","1"
"admin","061332-768-030AH","1","1"
"admin","99101-ZH8-0820","2","1"
"admin","99101-ZH8-0850","1","1"
"admin","90051300010","1","1"
"admin","27-7211","1","1"
"admin","98-7134","3","1"
"admin","32651-892-003","1","1"
"admin","87528-ZT3-C31","1","1"
"admin","17233-Z07-000","1","1"
"admin","AMSOIL 5W-30","5","1"
"admin","AMSOIL 10W30","7","1"
"admin","AMSOIL 10W-40 MOTORC","7","1"
"admin","AMSOIL QUICK SHOT","3","1"
"admin","170225","2","1"
"admin","248079","1","1"
"admin","248082","1","1"
"admin","650820","2","1"
"admin","76153-743-611","2","1"
"admin","90113-V10-000","4","1"
"admin","32144-10","8","1"
"admin","80-4430-03","1","1"
"admin","537184901","1","1"
"admin","574600201","1","1"
"admin","574603901","1","1"
"admin","130106","2","1"
"admin","4140 200 0354","1","1"
"admin","4229 708 9702","1","1"
"admin","5605 773 5203 3 PACK","3","1"
"admin","146076","1","1"
"admin","430173","1","1"
"admin","581158801","8","1"
"admin","07240800","1","1"
"admin","33673A","1","1"
"admin","631700","1","1"
"admin","1141 400 1307","1","1"
"admin","1740718AYP","2","1"
"admin","90101-750-920","3","1"
"admin","248063","1","1"
"admin","799525","1","1"
"admin","66-6510","2","1"
"admin","A107BD","2","1"
"admin","394693","1","1"
"admin","SALT50","800","1"
"admin","29826","1","1"
"admin","52609100","1","1"
"admin","76322-747-A10","2","1"
"admin","92101-06016-0A","13","1"
"admin","321-4","1","1"
"admin","84-1971","11","1"
"admin","4229 007 1000","1","1"
"admin","121-6630","1","1"
"admin","1738301AYP","1","1"
"admin","5605 750 4328","1","1"
"admin","90122-KCW-007","1","1"
"admin","38214","1","1"
"admin","490-8872","25","1"
"admin","170023","1","1"
"admin","238034","2","1"
"admin","38381","3","1"
"admin","999888-00724","3","1"
"admin","108-4938","1","1"
"admin","0000 642 1231","1","1"
"admin","55-9370","4","1"
"admin","08P57-Z25-500","1","1"
"admin","114-3779","4","1"
"admin","71-5381","2","1"
"admin","03813800","2","1"
"admin","07206600","2","1"
"admin","A110BD","2","1"
"admin","52103300","1","1"
"admin","HRS2162PDA","1","1"
"admin","07009000","4","1"
"admin","38743","5","1"
"admin","710-04945","5","1"
"admin","1138 400 1300","1","1"
"admin","735-04032","4","1"
"admin","938030","11","1"
"admin","92-9697","9","1"
"admin","735-04033","2","1"
"admin","36745","2","1"
"admin","35062","7","1"
"admin","790-00121-0637","1","1"
"admin","EG5000 CLAT","2","1"
"admin","18310-ZB5-014","1","1"
"admin","20001171","1","1"
"admin","698181","2","1"
"admin","119-1929","3","1"
"admin","84-1970","7","1"
"admin","92-2260","10","1"
"admin","780027","1","1"
"admin","248041","1","1"
"admin","770127","3","1"
"admin","07500115","1","1"
"admin","27625","1","1"
"admin","31840","3","1"
"admin","632584","1","1"
"admin","491367S","1","1"
"admin","130472","12","1"
"admin","70706700","3","1"
"admin","999449-00260","1","1"
"admin","37845","1","1"
"admin","07500005","1","1"
"admin","51001500","32","1"
"admin","0814 498 1501","2","1"
"admin","53110-VH7-S00ZA","1","1"
"admin","92-9590","1","1"
"admin","29100","9","1"
"admin","119-8819","3","1"
"admin","119-8820","7","1"
"admin","92-1043","8","1"
"admin","79021","5","1"
"admin","77215","8","1"
"admin","121-5698","2","1"
"admin","492889","1","1"
"admin","117-4160","2","1"
"admin","38910 CASE","4","1"
"admin","38916-Case","2","1"
"admin","127-3200","15","1"
"admin","127-3202","3","1"
"admin","37844","2","1"
"admin","130526","4","1"
"admin","490-7465","2","1"
"admin","72000800","2","1"
"admin","62-3900","3","1"
"admin","91-2258","9","1"
"admin","108-8158","1","1"
"admin","112-9972","3","1"
"admin","106-8300","3","1"
"admin","107069","6","1"
"admin","120-6243","1","1"
"admin","3296-56","15","1"
"admin","38-7820","1","1"
"admin","612066","2","1"
"admin","614650","3","1"
"admin","61-9780","2","1"
"admin","63-8360","24","1"
"admin","63-8721","2","1"
"admin","92-7734","1","1"
"admin","107-0796","1","1"
"admin","115-4971","1","1"
"admin","117-1018","9","1"
"admin","119-3309","3","1"
"admin","108-7840","3","1"
"admin","108-8994","1","1"
"admin","115-2860","2","1"
"admin","115-4668","2","1"
"admin","32144-70","2","1"
"admin","56-6590","5","1"
"admin","99-1589","1","1"
"admin","112-0315","8","1"
"admin","77210","3","1"
"admin","79019","3","1"
"admin","92-9591","1","1"
"admin","108-0954-03","1","1"
"admin","115-4999-03 ","1","1"
"admin","112-5800","2","1"
"admin","119-8821","1","1"
"admin","120-7905","3","1"
"admin","79018","10","1"
"admin","79318","2","1"
"admin","80-4490-03","2","1"
"admin","33263","1","1"
"admin","321-10","3","1"
"admin","248035","4","1"
"admin","497680","1","1"
"admin","107-9287","1","1"
"admin","4101CS","1","1"
"admin","4111","1","1"
"admin","4139","1","1"
"admin","491055T","106","1"
"admin","796112","71","1"
"admin","3066","10","1"
"admin","3065","1","1"
"admin","6028","10","1"
"admin","7010 871 0204","5","1"
"admin","0781 313 8004","13","1"
"admin","0781 313 8013","4","1"
"admin","7010 871 0211","18","1"
"admin","7010 871 0212","10","1"
"admin","117-2309","3","1"
"admin","117-9104","1","1"
"admin","38266","2","1"
"admin","1125 007 1021","1","1"
"admin","08300017","1","1"
"admin","1275960","1","1"
"admin","233-67","1","1"
"admin","691643","1","1"
"admin","35135B","1","1"
"admin","35440","1","1"
"admin","590574","2","1"
"admin","590787","1","1"
"admin","06945700","1","1"
"admin","55-9280","5","1"
"admin","52608900","1","1"
"admin","248040","2","1"
"admin","07232100","1","1"
"admin","73203200","1","1"
"admin","74740","5","1"
"admin","79383","3","1"
"admin","38361","3","1"
"admin","08P57-ZT3-00S","1","1"
"admin","PE266","1","1"
"admin","632816","1","1"
"admin","790553","1","1"
"admin","791944","1","1"
"admin","791948","1","1"
"admin","793382","1","1"
"admin","799857","2","1"
"admin","699334","2","1"
"admin","791874","1","1"
"admin","4137 124 2800","2","1"
"admin","104-2753","8","1"
"admin","692277","1","1"
"admin","1-633545","5","1"
"admin","38901","115","1"
"admin","921040","5","1"
"admin","74723","3","1"
"admin","07208600","1","1"
"admin","17211-ZG9-M00","2","1"
"admin","4112 713 4100","1","1"
"admin","0781 120 1117","1","1"
"admin","5605 007 1029","1","1"
"admin","991203","1","1"
"admin","1123 120 1613","4","1"
"admin","17624-747-030","1","1"
"admin","A148BS","22","1"
"admin","915180","1","1"
"admin","792105","1","1"
"admin","902032","2","1"
"admin","946152","1","1"
"admin","917001","2","1"
"admin","917002","1","1"
"admin","991202","1","1"
"admin","992254","1","1"
"admin","994121","1","1"
"admin","74780","2","1"
"admin","74621","3","1"
"admin","74787","3","1"
"admin","890041","1","1"
"admin","5140B","19","1"
"admin","52006600","1","1"
"admin","90751-VL0-B00","2","1"
"admin","20360","2","1"
"admin","108-7158","1","1"
"admin","75-9010","5","1"
"admin","70707600","2","1"
"admin","108-9760","1","1"
"admin","1125 120 1607","1","1"
"admin","991082","1","1"
"admin","590387","3","1"
"admin","697015","4","1"
"admin","808656","2","1"
"admin","79218","2","1"
"admin","08P57-Z07-00S","5","1"
"admin","34150-ZH7-013","1","1"
"admin","915177","1","1"
"admin","03498400","3","1"
"admin","04265400","3","1"
"admin","05600001","1","1"
"admin","170076","3","1"
"admin","520-441","3","1"
"admin","20371","4","1"
"admin","110-1632","1","1"
"admin","114-7988","1","1"
"admin","117-5976","2","1"
"admin","131-4182","2","1"
"admin","79040","3","1"
"admin","45-0299","2","1"
"admin","45-0329","4","1"
"admin","45-0343","3","1"
"admin","45-0365","3","1"
"admin","1125 640 2004","1","1"
"admin","05500030","1","1"
"admin","74750","3","1"
"admin","32144-112","2","1"
"admin","08P58-Z07-100G","3","1"
"admin","17211-Z0H-000","1","1"
"admin","20382","5","1"
"admin","74797","3","1"
"admin","132-1750","1","1"
"admin","394019S","3","1"
"admin","54415-V10-000","1","1"
"admin","P021046740","1","1"
"admin","999442-00422","2","1"
"admin","915172","1","1"
"admin","0000 642 1223","1","1"
"admin","1110 893 4000","1","1"
"admin","272403S","8","1"
"admin","692446","4","1"
"admin","07200507","1","1"
"admin","72100700","3","1"
"admin","72101300","3","1"
"admin","71513500","1","1"
"admin","120-7010","1","1"
"admin","915189","1","1"
"admin","915157","2","1"
"admin","936101","2","1"
"admin","170035","2","1"
"admin","770123","2","1"
"admin","322-3","4","1"
"admin","3230-1","3","1"
"admin","3234-42","3","1"
"admin","3256-26","6","1"
"admin","3296-29","7","1"
"admin","89872","1","1"
"admin","991121","1","1"
"admin","79316","1","1"
"admin","08207-5W30","26","1"
"admin","915204","2","1"
"admin","22431-V10-013","5","1"
"admin","08718-0004","1","1"
"admin","12310-Z0J-000","1","1"
"admin","07100231","1","1"
"admin","45-0101-999","1","1"
"admin","45-0345","1","1"
"admin","YH-BU-0","100","1"
"admin","YH-BU-19","50","1"
"admin","YH-SPL14","100","1"
"admin","YH-TU-T8","273","1"
"admin","00273100","3","1"
"admin","15845","1","1"
"admin","131-4185","3","1"
"admin","991086","2","1"
"admin","1686689SM","1","1"
"admin","110-6739","1","1"
"admin","CS-590-20","1","1"
"admin","532191273","1","1"
"admin","74790","2","1"
"admin","5419","1","1"
"admin","32128-20","8","1"
"admin","322-2","1","1"
"admin","01016459","1","1"
"admin","490-8975","50","1"
"admin","51574","2","1"
"admin","130130","3","1"
"admin","0000 900 4008","4","1"
"admin","16211-ZE0-000","1","1"
"admin","28400-Z0L-V20ZB","1","1"
"admin","76118-VG3-020","2","1"
"admin","130-069","4","1"
"admin","130119","2","1"
"admin","20374","3","1"
"admin","P005003120","2","1"
"admin","490-7462","3","1"
"admin","99-1598","1","1"
"admin","3290-465","4","1"
"admin","65-4710","3","1"
"admin","130355","6","1"
"admin","36563","1","1"
"admin","00184300","1","1"
"admin","GDU10048","1","1"
"admin","72531-VE2-020","6","1"
"admin","248099","1","1"
"admin","0000 886 3202","1","1"
"admin","0000 930 2583","2","1"
"admin","0797 333 9200","1","1"
"admin","4137 740 5001","1","1"
"admin","MS391 18","1","1"
"admin","107-3817","1","1"
"admin","32144-41","3","1"
"admin","490-7466","3","1"
"admin","99-2911","1","1"
"admin","03253900","3","1"
"admin","07241500","1","1"
"admin","121-0374","2","1"
"admin","20372","3","1"
"admin","915159","1","1"
"admin","915173","1","1"
"admin","490652","1","1"
"admin","08207-10W30","13","1"
"admin","72531-VH7-000","5","1"
"admin","EB4000 X1","1","1"
"admin","157033","3","1"
"admin","615463","3","1"
"admin","131015","4","1"
"admin","248083","1","1"
"admin","03208159","2","1"
"admin","53200500","23","1"
"admin","72601800","2","1"
"admin","02483859","2","1"
"admin","114-1585","2","1"
"admin","361-10","4","1"
"admin","74765","1","1"
"admin","117-0020","3","1"
"admin","07221000","1","1"
"admin","EB5000 XK31","1","1"
"admin","37696A","1","1"
"admin","697029","2","1"
"admin","795629","3","1"
"admin","127-3205","2","1"
"admin","127-3206","1","1"
"admin","131-4183","2","1"
"admin","131-4168","1","1"
"admin","131-4166","1","1"
"admin","95001-45003-50M","1","1"
"admin","890351","2","1"
"admin","108-3762-03","31","1"
"admin","999442-00615","1","1"
"admin","115-1958","4","1"
"admin","72511-VE1-020","2","1"
"admin","692318","1","1"
"admin","66-6050","5","1"
"admin","72102600","1","1"
"admin","131-4167","1","1"
"admin","131-4184","1","1"
"admin","610089","4","1"
"admin","107-3709","5","1"
"admin","UTV500AAC00000","1","1"
"admin","UTV700AAC00000","1","1"
"admin","695540","1","1"
"admin","222698S","3","1"
"admin","280439S","2","1"
"admin","281434S","2","1"
"admin","07211400","1","1"
"admin","691292","1","1"
"admin","74760","4","1"
"admin","999449-00170","1","1"
"admin","35648","1","1"
"admin","399671","1","1"
"admin","33032","1","1"
"admin","248030","1","1"
"admin","0000 882 0901","1","1"
"admin","0000930 2338","2","1"
"admin","4133 713 4101","3","1"
"admin","0811 490 7864","1","1"
"admin","51467","1","1"
"admin","4002 710 2189","1","1"
"admin","4111 007 1001","2","1"
"admin","FS56 RC-E","1","1"
"admin","08861600","3","1"
"admin","20332","4","1"
"admin","20384","6","1"
"admin","691667","3","1"
"admin","99-1510","2","1"
"admin","490-9026","25","1"
"admin","72511-VH7-000","3","1"
"admin","640259","1","1"
"admin","38916","14","1"
"admin","490-9164","10","1"
"admin","88175","1","1"
"admin","74730","6","1"
"admin","74731","9","1"
"admin","890023","1","1"
"admin","311080062","2","1"
"admin","90069","1","1"
"admin","EG6500 CL1","2","1"
"admin","999442-00201","1","1"
"admin","999449-00250","1","1"
"admin","12 757 37-S","1","1"
"admin","491056","4","1"
"admin","EB6500 X11","1","1"
"admin","28 050 01-S","2","1"
"admin","71512500","1","1"
"admin","26RMC3-81","1","1"
"admin","0000 930 2340","2","1"
"admin","25 050 22-S","5","1"
"admin","4006 710 2104","1","1"
"admin","4140 200 0332","2","1"
"admin","EU7000 1AT1","3","1"
"admin","FS40C-E","1","1"
"admin","20353","2","1"
"admin","EB10000 AH1","1","1"
"admin","79011","1","1"
"admin","GT225L","1","1"
"admin","A021003941","1","1"
"admin","999464-00023","1","1"
"admin","130076","3","1"
"admin","170005","1","1"
"admin","245027","1","1"
"admin","258035","1","1"
"admin","258040","1","1"
"admin","03253800","6","1"
"admin","110-9429 ","4","1"
"admin","1278","2","1"
"admin","5210","1","1"
"admin","5618","2","1"
"admin","9202324","2","1"
"admin","94-7572","2","1"
"admin","36905","7","1"
"admin","108-8120","8","1"
"admin","35111-VL0-W01","1","1"
"admin","90105-960-710","8","1"
"admin","17511-Z6J-841","1","1"
"admin","MS271 18","2","1"
"admin","07238500","1","1"
"admin","4003 713 8301","4","1"
"admin","08P57-Z11-200","6","1"
"admin","131-7658","6","1"
"admin","10394-2147","2","1"
"admin","311155066","4","1"
"admin","90117","2","1"
"admin","999442-00475","1","1"
"admin","999442-00610","1","1"
"admin","999442-00908","8","1"
"admin","130072","11","1"
"admin","130073","6","1"
"admin","09290500","6","1"
"admin","08300020","1","1"
"admin","74770","4","1"
"admin","00450200","9","1"
"admin","71510800","1","1"
"admin","74784","3","1"
"admin","47 083 03-S","1","1"
"admin","34443D","1","1"
"admin","36045A","1","1"
"admin","0000 882 4104","1","1"
"admin","0000 930 2207","1","1"
"admin","1117 350 5800","1","1"
"admin","4002 7102167","2","1"
"admin","4133 121 2700","1","1"
"admin","08P59-VE2-000AH","3","1"
"admin","FS38","2","1"
"admin","MS291 18","1","1"
"admin","17210-Z1V-003","1","1"
"admin","115-4695","18","1"
"admin","99-6124","2","1"
"admin","98-7135","2","1"
"admin","06424-ZS9-000AH","2","1"
"admin","08P57-ZT3-00G","1","1"
"admin","17210-ZE1-517","2","1"
"admin","398188","1","1"
"admin","494511S","1","1"
"admin","EU2000 T1A1","12","1"
"admin","42661-VE2-800","1","1"
"admin","EU2000 T1A3 COMPANIO","8","1"
"admin","696541","1","1"
"admin","112-6115","2","1"
"admin","119-8852-03","1","1"
"admin","131-4547-03","27","1"
"admin","340137","1","1"
"admin","06176-1405C","3","1"
"admin","08181-ENM-036AH","5","1"
"admin","17211-Z07-000","2","1"
"admin","17211-Z28-000","1","1"
"admin","17220-ZM0-030","1","1"
"admin","490-7516","4","1"
"admin","891125","1","1"
"admin","17211-ZS9-A02","2","1"
"admin","52 050 02-S","5","1"
"admin","425066","1","1"
"admin","425231","1","1"
"admin","425249","1","1"
"admin","425264","1","1"
"admin","215-60056","6","1"
"admin","215311","2","1"
"admin","311105065","4","1"
"admin","E415000091","3","1"
"admin","GT225","1","1"
"admin","07200116","1","1"
"admin","08P57-ZS9-00S","1","1"
"admin","08P58-Z07-100S","5","1"
"admin","CGT400","3","1"
"admin","105-1816","8","1"
"admin","00057100","7","1"
"admin","99-5239","1","1"
"admin","17211-Z8B-901","7","1"
"admin","0000 884 0513","1","1"
"admin","1130 350 0500","1","1"
"admin","WX10 TA","1","1"
"admin","4006 710 2106","1","1"
"admin","4133 713 4102","3","1"
"admin","MS251 C-BE 18","1","1"
"admin","6273","8","1"
"admin","6304","7","1"
"admin","17218-Z07-000","3","1"
"admin","692062","1","1"
"admin","170-068","2","1"
"admin","272477S","1","1"
"admin","697292","2","1"
"admin","HRX217K5VKA","2","1"
"admin","13211546730","1","1"
"admin","32128-25","4","1"
"admin","02460700","1","1"
"admin","49065-7010","8","1"
"admin","74721","8","1"
"admin","20370","1","1"
"admin","36001","5","1"
"admin","37780","4","1"
"admin","37781","2","1"
"admin","38801","2","1"
"admin","3003 008 8917","6","1"
"admin","590777","1","1"
"admin","498680","1","1"
"admin","4180 120 1800","1","1"
"admin","38371","1","1"
"admin","28400-ZE8-811ZG","1","1"
"admin","125-2466","1","1"
"admin","95-1727","2","1"
"admin","07200107","1","1"
"admin","71511200","1","1"
"admin","66-7980","1","1"
"admin","51585","1","1"
"admin","215712","9","1"
"admin","696015-52632","17","1"
"admin","07236300","2","1"
"admin","6306","26","1"
"admin","90161","1","1"
"admin","999442-00047","1","1"
"admin","999888-01525","2","1"
"admin","90151","2","1"
"admin","999442-00465","1","1"
"admin","238033","3","1"
"admin","90301-VG3-020","1","1"
"admin","532189028","1","1"
"admin","30727","1","1"
"admin","12 083 10-S","1","1"
"admin","12 083 12-S","2","1"
"admin","08E92-HPK2031","6","1"
"admin","105-1844","8","1"
"admin","106-2247-03","6","1"
"admin","14-7799","2","1"
"admin","WB20 XT3A","1","1"
"admin","0000 886 0100","1","1"
"admin","695001-21431","1","1"
"admin","999442-00532","1","1"
"admin","99944200900","5","1"
"admin","SRM225I","5","1"
"admin","920021","19","1"
"admin","921038","7","1"
"admin","921044","12","1"
"admin","999442-00903","8","1"
"admin","238030","1","1"
"admin","105-1814","20","1"
"admin","120-4276","3","1"
"admin","38472","17","1"
"admin","215-60070","10","1"
"admin","4004 710 4300","1","1"
"admin","921032","12","1"
"admin","926056","1","1"
"admin","17231-Z0L-050","1","1"
"admin","72407100","5","1"
"admin","926057","3","1"
"admin","926515","1","1"
"admin","938033","6","1"
"admin","938034","8","1"
"admin","4002 710 2191","2","1"
"admin","3005 000 4805","2","1"
"admin","MS170 16","2","1"
"admin","17210-ZE6-505","1","1"
"admin","100-5983","1","1"
"admin","112-5834","4","1"
"admin","121-9118","15","1"
"admin","92-1008","1","1"
"admin","498260","2","1"
"admin","695542","1","1"
"admin","280238","1","1"
"admin","08P58-Z28-00G","2","1"
"admin","08P58-ZS9-100S","2","1"
"admin","72600300","7","1"
"admin","72601400","8","1"
"admin","72601500","7","1"
"admin","72101400","7","1"
"admin","938032","6","1"
"admin","316105055","1","1"
"admin","0781 313 8003","2","1"
"admin","16A0CD3757","1","1"
"admin","01538400","1","1"
"admin","98-7130","2","1"
"admin","11013-7020","4","1"
"admin","HS720AMA","6","1"
"admin","112-0301","1","1"
"admin","71104100","2","1"
"admin","73203100","2","1"
"admin","920022","2","1"
"admin","130098","2","1"
"admin","170-027","2","1"
"admin","265092","2","1"
"admin","03807000","2","1"
"admin","311130064","2","1"
"admin","SRM280","1","1"
"admin","696854","3","1"
"admin","42710-VH7-010ZA","2","1"
"admin","04148959","4","1"
"admin","926038","14","1"
"admin","M110611","2","1"
"admin","M82612","1","1"
"admin","20381","9","1"
"admin","38742","9","1"
"admin","36002","4","1"
"admin","36003","4","1"
"admin","921039","5","1"
"admin","107-4622","4","1"
"admin","120-7011","5","1"
"admin","926039","10","1"
"admin","592846","1","1"
"admin","FS56 C-E","1","1"
"admin","17210-ZE2-515","1","1"
"admin","72511-VK6-000","1","1"
"admin","72531-VK6-010","1","1"
"admin","311095063","4","1"
"admin","316095053","2","1"
"admin","999442-00200","4","1"
"admin","999442-00535","3","1"
"admin","PAS225VPB","1","1"
"admin","926053","14","1"
"admin","FG110 K1AT","6","1"
"admin","3005 000 3905","1","1"
"admin","33RS3 114","1","1"
"admin","5605 007 1030","1","1"
"admin","HS45/18","1","1"
"admin","999442-00035","1","1"
"admin","SRM225","9","1"
"admin","90PX44CQ","2","1"
"admin","HHT25 SLTAT","2","1"
"admin","1118 195 3500","1","1"
"admin","1123 195 0400","3","1"
"admin","1123 640 1705","1","1"
"admin","33RS3 84","4","1"
"admin","79401400","1","1"
"admin","HHT35 SLTAT","4","1"
"admin","3005 008 3909","1","1"
"admin","5083D","1","1"
"admin","845254","2","1"
"admin","130124","2","1"
"admin","3005 000 4809","2","1"
"admin","15400-PLM-A01PE","1","1"
"admin","695001-20331","2","1"
"admin","4112 713 4201","1","1"
"admin","615764","1","1"
"admin","130847","5","1"
"admin","146043","1","1"
"admin","170084","2","1"
"admin","248031","1","1"
"admin","435431","1","1"
"admin","750042","1","1"
"admin","890200","1","1"
"admin","07100214","1","1"
"admin","07216300","1","1"
"admin","425199","4","1"
"admin","25 083 01-S","2","1"
"admin","72LPX64CQ","1","1"
"admin","HS720ASA","19","1"
"admin","14 083 15-S","1","1"
"admin","105-3036","19","1"
"admin","3005 000 4813","2","1"
"admin","99101-ZG0-0600","2","1"
"admin","08P58-ZT3-100G","1","1"
"admin","696001-20331","3","1"
"admin","999442-00140","1","1"
"admin","100598","1","1"
"admin","4006 710 2125","1","1"
"admin","105-1845","7","1"
"admin","110-6871","1","1"
"admin","532009040","4","1"
"admin","631021B","6","1"
"admin","631867","1","1"
"admin","MS362 C-M 20","1","1"
"admin","199629GS","1","1"
"admin","999888-01209","2","1"
"admin","90097","1","1"
"admin","90152","2","1"
"admin","90122","2","1"
"admin","215-00240","3","1"
"admin","999442-00540","1","1"
"admin","ES250","1","1"
"admin","248043","1","1"
"admin","08P57-Z22-300","2","1"
"admin","20373","2","1"
"admin","20333","4","1"
"admin","38751","10","1"
"admin","38473","8","1"
"admin","MS441 C-M 20","1","1"
"admin","594201","1","1"
"admin","917030","2","1"
"admin","38741","3","1"
"admin","38744","9","1"
"admin","17211-899-000","1","1"
"admin","0000 350 0510","2","1"
"admin","3005 000 4713","1","1"
"admin","4112 713 4203","1","1"
"admin","4229 120 1800","2","1"
"admin","BG56 C-E","2","1"
"admin","MS250 18","1","1"
"admin","07200636","1","1"
"admin","90157","1","1"
"admin","999442-00130","1","1"
"admin","PB255 LN","1","1"
"admin","SH56 C-E","1","1"
"admin","SH86 C-E","1","1"
"admin","SF16","19","1"
"admin","464-51","4","1"
"admin","N1104L","1","1"
"admin","99","24","1"
"admin","40A","6","1"
"admin","EXTENDED-TANK","5","1"
"admin","EXTENDED-DUAL","3","1"
"admin","120228","1","1"
"admin","170001","2","1"
"admin","248049","1","1"
"admin","72406900","7","1"
"admin","170126","1","1"
"admin","3005 008 4717","2","1"
"admin","74775","1","1"
"admin","71509300","1","1"
"admin","71513400","1","1"
"admin","694394","1","1"
"admin","106-2175","1","1"
"admin","106-4498","3","1"
"admin","94-8812","2","1"
"admin","51523200","1","1"
"admin","38205","8","1"
"admin","490-9139","1","1"
"admin","74893","1","1"
"admin","999442-00220","4","1"
"admin","651032","2","1"
"admin","614426","2","1"
"admin","08P58-ZS9-100G","3","1"
"admin","999442-00485","1","1"
"admin","04700-768-E110","6","1"
"admin","999442-00202","1","1"
"admin","890028","1","1"
"admin","170054","2","1"
"admin","104-8676","2","1"
"admin","106-6805","1","1"
"admin","110-6837-03","3","1"
"admin","32144-34","5","1"
"admin","815154","1","1"
"admin","110-1790","3","1"
"admin","38261","20","1"
"admin","40-5940","1","1"
"admin","650926","3","1"
"admin","06720-V10-030","13","1"
"admin","04743700","2","1"
"admin","17211-ZL8-023","12","1"
"admin","76322-V10-020","5","1"
"admin","76326-738-E00","4","1"
"admin","999442-00553","1","1"
"admin","52100500","1","1"
"admin","115-4669","9","1"
"admin","3229-11","7","1"
"admin","248067","1","1"
"admin","72LPX70CQ","1","1"
"admin","999464-00010","2","1"
"admin","3003 008 6813","2","1"
"admin","T242","1","1"
"admin","90125","2","1"
"admin","942-04312","2","1"
"admin","09081200","9","1"
"admin","73602300","1","1"
"admin","07212800","1","1"
"admin","120-4309","1","1"
"admin","127-9193","1","1"
"admin","99-9313","118","1"
"admin","20BPX72CQ","3","1"
"admin","90008","1","1"
"admin","9108506040","1","1"
"admin","V299000160","1","1"
"admin","9075 478 4136","3","1"
"admin","921025","4","1"
"admin","0000 350 0537","4","1"
"admin","0000 886 0402","1","1"
"admin","999442-00600","1","1"
"admin","3005 000 4817","1","1"
"admin","4002 710 4313","1","1"
"admin","4128 350 0505","1","1"
"admin","4140 195 3400","1","1"
"admin","4180 007 1013","1","1"
"admin","3003 000 8817","1","1"
"admin","999442-06000","1","1"
"admin","EU3000 IS1A","3","1"
"admin","HRC216 K3 HXA","2","1"
"admin","55-8760","26","1"
"admin","37779","8","1"
"admin","38805","1","1"
"admin","108-4884","40","1"
"admin","108-4921","11","1"
"admin","127-3201","5","1"
"admin","95-6151","4","1"
"admin","00271459","1","1"
"admin","00658559","1","1"
"admin","104-0851","2","1"
"admin","104-4133","2","1"
"admin","55-9520","1","1"
"admin","105-3471","2","1"
"admin","119-1909","18","1"
"admin","114-1588","2","1"
"admin","170050","2","1"
"admin","238036","1","1"
"admin","114-3796","1","1"
"admin","248039","1","1"
"admin","3003 008 6821","3","1"
"admin","27110A","6","1"
"admin","698180","1","1"
"admin","HSS1332TD","1","1"
"admin","06350-768-000AH","2","1"
"admin","801410","1","1"
"admin","108-4946","3","1"
"admin","27915A","2","1"
"admin","00432600","1","1"
"admin","631028A","9","1"
"admin","07210700","1","1"
"admin","3003 812 6817","2","1"
"admin","170118","1","1"
"admin","08P57-Z07-00G","2","1"
"admin","98079-56846","4","1"
"admin","88-6250","1","1"
"admin","131-3939-03P","6","1"
"admin","7734","10","1"
"admin","798897","1","1"
"admin","HSS928TD","4","1"
"admin","100-1048","2","1"
"admin","3003 008 8921","2","1"
"admin","999441-00025","4","1"
"admin","00068800","3","1"
"admin","4241 140 4401","2","1"
"admin","07200725","2","1"
"admin","110-9361","5","1"
"admin","117-7700","2","1"
"admin","117-7717","2","1"
"admin","06350-767-100AH","1","1"
"admin","00008700","1","1"
"admin","11013-0727","4","1"
"admin","570682A","1","1"
"admin","HSS928WD","1","1"
"admin","915203","1","1"
"admin","4229 708 6301","1","1"
"admin","5605 007 1028","1","1"
"admin","0000 792 9175","1","1"
"admin","4241 007 1003","1","1"
"admin","281165S","2","1"
"admin","170043","2","1"
"admin","238032","1","1"
"admin","HSS724TD","1","1"
"admin","23800100","1","1"
"admin","06611-Z22-810AH","4","1"
"admin","06710-Z07-000AH","1","1"
"admin","00958700","1","1"
"admin","631893A","1","1"
"admin","HRR216 K9 VKA","5","1"
"admin","100-9872","6","1"
"admin","104-0871","1","1"
"admin","104-0872","1","1"
"admin","104-4138","1","1"
"admin","790966","1","1"
"admin","108-6163","1","1"
"admin","117-7733","1","1"
"admin","801418","1","1"
"admin","73-0160","3","1"
"admin","06724-768-010AH","1","1"
"admin","248037","1","1"
"admin","121-6622","1","1"
"admin","37-9080","2","1"
"admin","780035","2","1"
"admin","780282","2","1"
"admin","248038","1","1"
"admin","81-2300","1","1"
"admin","07200111","1","1"
"admin","07200431","1","1"
"admin","00661159","1","1"
"admin","07200623","3","1"
"admin","00659200","3","1"
"admin","06900502","1","1"
"admin","08300538","1","1"
"admin","49065-7007","10","1"
"admin","492932S","21","1"
"admin","90098","1","1"
"admin","FS90R","2","1"
"admin","07053700","2","1"
"admin","915210","1","1"
"admin","40-8160-01","4","1"
"admin","71-5480","1","1"
"admin","07204700","1","1"
"admin","BG 86","1","1"
"admin","68325-Z07-003","1","1"
"admin","90156","2","1"
"admin","07400034","9","1"
"admin","BR600","1","1"
"admin","06900406","1","1"
"admin","72408100","7","1"
"admin","MS 193 T 14","1","1"
"admin","17210-ZE3-505","1","1"
"admin","11013-0752","2","1"
"admin","999442-00470","1","1"
"admin","15410-MFJ-D01","1","1"
"admin","72406500","2","1"
"admin","75128-VE1-R00","1","1"
"admin","35120-V10-003","1","1"
"admin","90481-430-000","2","1"
"admin","54416-736-A05","1","1"
"admin","07139400","1","1"
"admin","240068","1","1"
"admin","17218-ZE2-505","1","1"
"admin","100028","15","1"
"admin","248042","1","1"
"admin","780420","4","1"
"admin","79202300","1","1"
"admin","41-8600","1","1"
"admin","52406900","1","1"
"admin","07234000","1","1"
"admin","90147","1","1"
"admin","999442-00513","1","1"
"admin","91PX52CQ","2","1"
"admin","999442-00545","1","1"
"admin","590644","1","1"
"admin","72601200","1","1"
"admin","695666","2","1"
"admin","RS41","1","1"
"admin","52100100","25","1"
"admin","926516","1","1"
"admin","801427 ","1","1"
"admin","00008500","1","1"
"admin","UMC425LAAT","2","1"
"admin","UMC435LAAT","2","1"
"admin","66-1510","1","1"
"admin","HRX217K5HYA","16","1"
"admin","EB3000 CK2A","1","1"
"admin","HHT35 SUKAT","2","1"
"admin","999888-00720","2","1"
"admin","00469351","1","1"
"admin","38211","1","1"
"admin","07231000","1","1"
"admin","89817","1","1"
"admin","915211","1","1"
"admin","915212","2","1"
"admin","915215","1","1"
"admin","986101","1","1"
"admin","986103","10","1"
"admin","991083","2","1"
"admin","991084","2","1"
"admin","991087","1","1"
"admin","991210","1","1"
"admin","CS-310-14","1","1"
"admin","915206","1","1"
"admin","992278","1","1"
"admin","3689 005 0081","2","1"
"admin","3689 005 0074","3","1"
"admin","3689 005 0068","4","1"
"admin","3689 005 0067","4","1"
"admin","3689 005 0062","5","1"
"admin","3636 005 0050","3","1"
"admin","3636 005 0055","5","1"
"admin","3610 005 0055","2","1"
"admin","3610 005 0050","4","1"
"admin","3610 005 0044","3","1"
"admin","SLIU1HP","4","1"
"admin","SLIU1A","5","1"
"admin","3636 005 0044","2","1"
"admin","3623 005 0060","4","1"
"admin","3623 005 0091","2","1"
"admin","3624 005 0060","4","1"
"admin","3624 005 0066","3","1"
"admin","33268","1","1"
"admin","36356","1","1"
"admin","36357","1","1"
"admin","BG50","2","1"
"admin","MS180 C-B 16","1","1"
"admin","CS-400-18","2","1"
"admin","44710-VG3-000","2","1"
"admin","20120P","1","1"
"admin","3003 000 8830","1","1"
"admin","3624 005 0072","3","1"
"admin","3624 005 0084","3","1"
"admin","3003 000 2238","1","1"
"admin","3003 000 2253","1","1"
"admin","5428K","1","1"
"admin","593260","2","1"
"admin","691035","13","1"
"admin","698183","1","1"
"admin","33-4750-03","1","1"
"admin","SSBLA","1","1"
"admin","SSCLA","1","1"
"admin","SSETA","1","1"
"admin","SSHHSA","1","1"
"admin","SSPPA","1","1"
"admin","SSSTA","1","1"
"admin","0781 313 8002","1","1"
"admin","20 083 06-S","1","1"
"admin","24 083 02-S","1","1"
"admin","25 050 21-S","5","1"
"admin","32 083 06-S","1","1"
"admin","37796","1","1"
"admin","0000 958 1022","1","1"
"admin","MS180","2","1"
"admin","06928-768-020AH","1","1"
"admin","32520-Z22-850AH","1","1"
"admin","42710-VE2-M01ZE","2","1"
"admin","9460 624 0801","10","1"
"admin","9512 003 2260","1","1"
"admin","SRM-266","1","1"
"admin","SRM266T","1","1"
"admin","SRM266S","1","1"
"admin","SRM280S","1","1"
"admin","SRM280T","1","1"
"admin","SRM230SP","2","1"
"admin","PAS225","1","1"
"admin","PAS225VP","1","1"
"admin","PAS230","1","1"
"admin","PAS-266","1","1"
"admin","PB250 LN","2","1"
"admin","PB580T","1","1"
"admin","PB770T","1","1"
"admin","ES255","1","1"
"admin","CS-590-18","1","1"
"admin","PW1813E","3","1"
"admin","130724","4","1"
"admin","20334","3","1"
"admin","06814-VG4-010","1","1"
"admin","4242 120 1800","1","1"
"admin","06761-VH7-000AH","7","1"
"admin","250043","1","1"
"admin","1120 353 7802","1","1"
"admin","130968","1","1"
"admin","91551-VL0-B00","1","1"
"admin","123713X","1","1"
"admin","20200109","1","1"
